,Kingdom,Phylum,Class,Order,Family,Genus,Species
0021bc89d6b441d89b8f1fb0a21a9106,Fungi,Basidiomycota,Agaricomycetes,Polyporales,Polyporaceae,Trametes,unidentified
006c7db82a6677340a9520dd2167265f,Fungi,,,,,,
01ba4fde2374d42490e96ce865d46356,Fungi,Ascomycota,Sordariomycetes,Hypocreales,Nectriaceae,Fusarium,Fusarium_concentricum
01bb82f47283862d4086dd0b174338aa,Fungi,Ascomycota,Sordariomycetes,Hypocreales,Nectriaceae,Fusarium,Fusarium_concentricum
01e76076c9ea39322e27b80290e60f3e,Fungi,Ascomycota,Sordariomycetes,Hypocreales,Nectriaceae,Fusarium,Fusarium_concentricum
021a41564a97793175943235b145f080,Fungi,Ascomycota,Dothideomycetes,Capnodiales,Mycosphaerellaceae,Cercospora,
030d3f2416f9513a9e0a7d1f7341e20d,Fungi,Basidiomycota,Ustilaginomycetes,Ustilaginales,Ustilaginaceae,Moesziomyces,Moesziomyces_aphidis
035d6e2b6c01855e47adf9dd971bc333,Fungi,Ascomycota,Dothideomycetes,Capnodiales,Cladosporiaceae,Cladosporium,Cladosporium_sphaerospermum
036b811e79d73749c3636fe736c423ef,Fungi,Basidiomycota,Agaricomycetes,Cantharellales,Ceratobasidiaceae,,
038c8c718b02eb71a851714a82e9a61c,Fungi,Ascomycota,Dothideomycetes,Pleosporales,Pleosporaceae,Alternaria,Alternaria_metachromatica
03bf6a1ec8e542feaa2a7f34240ddfcf,Fungi,Ascomycota,Dothideomycetes,Capnodiales,Cladosporiaceae,Cladosporium,
03eb22203384bd3f1f4f4a66cdf0eeac,Fungi,Ascomycota,Dothideomycetes,Capnodiales,Cladosporiaceae,Cladosporium,
0437a534359dcb7f443d44664a42d589,Fungi,Basidiomycota,Agaricomycetes,Polyporales,Fomitopsidaceae,Fomitopsis,Fomitopsis_pinicola
048728d080efeba1f69df746abc324b6,Fungi,Ascomycota,Dothideomycetes,Capnodiales,Mycosphaerellaceae,Cercospora,
04aad617e42a619fd2de366dc2db2510,Fungi,Basidiomycota,Agaricomycetes,Polyporales,Fomitopsidaceae,Fomitopsis,Fomitopsis_pinicola
04ddb9390451bd99021e1bf7d14ee226,Fungi,Ascomycota,Eurotiomycetes,Eurotiales,Trichocomaceae,Talaromyces,
052330318e08a67c76f44fc58bbd2b95,Fungi,Ascomycota,Dothideomycetes,Capnodiales,Cladosporiaceae,Cladosporium,
056ec4d98836e30b217af6a1d31a08ca,Fungi,Ascomycota,Dothideomycetes,Capnodiales,Cladosporiaceae,Cladosporium,Cladosporium_halotolerans
05eb3c2b3c1fe2851d06102379875b27,Fungi,Ascomycota,Dothideomycetes,Pleosporales,Pleosporaceae,Curvularia,Curvularia_sorghina
0614df8161a99841863b401ca9e306b2,Fungi,Ascomycota,Eurotiomycetes,Eurotiales,Aspergillaceae,Penicillium,Penicillium_steckii
0654e3616cb2846ee0c71b58b472281a,Fungi,Ascomycota,Dothideomycetes,,,,
06a035fa102fb576906eb4f977046d84,Fungi,Basidiomycota,Agaricomycetes,Russulales,Peniophoraceae,,
06fae7321813bdbe0b5afe66c6eaeb63,Fungi,Ascomycota,Dothideomycetes,Pleosporales,Pleosporaceae,Alternaria,
07e9276b67a981f44733f3e73d48ed56,Fungi,Basidiomycota,Agaricomycetes,Hymenochaetales,Hymenochaetales_fam_Incertae_sedis,Trichaptum,Trichaptum_fuscoviolaceum
082a9d6960d9d4d75fa483e5070788ae,Fungi,Basidiomycota,Tremellomycetes,Filobasidiales,Filobasidiaceae,Naganishia,
08b30db380ec03324c0721f529506c7d,Fungi,Ascomycota,Sordariomycetes,Hypocreales,Nectriaceae,Fusarium,Fusarium_concentricum
093469a2f04ab2250fe7e68af68037bf,Fungi,Ascomycota,Sordariomycetes,Hypocreales,Hypocreales_fam_Incertae_sedis,Acremonium,Acremonium_rutilum
09b44c4e56b6e3ce2dd973006c917477,Fungi,Ascomycota,Dothideomycetes,Pleosporales,Didymosphaeriaceae,,
09d5e10da8cd2605923f41ee3717f02d,Fungi,Ascomycota,Dothideomycetes,Capnodiales,Mycosphaerellaceae,Cercospora,
0b2629418451e7976ab214f1edc18842,Fungi,Ascomycota,Sordariomycetes,Xylariales,Hyponectriaceae,Monographella,Monographella_nivalis
0c353704852150685248894ed3112553,Fungi,Ascomycota,Dothideomycetes,Capnodiales,Cladosporiaceae,Cladosporium,Cladosporium_halotolerans
0c4535134d2229fa18da2e145a8dcabf,Fungi,Ascomycota,Dothideomycetes,Pleosporales,,,
0c8618cf03f9ecc6cf1602aee587a2bf,Fungi,Basidiomycota,Agaricomycetes,Russulales,Peniophoraceae,,
0c91ad81978e0e10e99b3c42e16e1581,Fungi,Ascomycota,Sordariomycetes,Sordariales,Chaetomiaceae,,
0ce52136a633ca6206971273ce351b86,Fungi,Ascomycota,Dothideomycetes,Capnodiales,Cladosporiaceae,Cladosporium,
0cf5a019d275be7615f03edec4228a8f,Fungi,Basidiomycota,Agaricomycetes,Agaricales,Psathyrellaceae,Coprinellus,Coprinellus_micaceus
0d51bf4d8ac5ebe53c0796614075a675,Fungi,Ascomycota,Sordariomycetes,Hypocreales,Nectriaceae,Fusarium,Fusarium_concentricum
0d62af8bb254e2eb2fee0b5263d877d4,Fungi,Basidiomycota,Agaricomycetes,Cantharellales,Ceratobasidiaceae,,
0fc6c15ac1c06f42a9933eb0e2076803,Fungi,Ascomycota,Dothideomycetes,Capnodiales,Cladosporiaceae,Cladosporium,Cladosporium_sphaerospermum
0fd9bdfb2ee5e6f5fe0fd0831949c740,Fungi,Ascomycota,Pezizomycetes,Pezizales,Pezizaceae,Peziza,
100daef6e097edcc5739fda1e2e14b57,Fungi,Ascomycota,Dothideomycetes,Capnodiales,Cladosporiaceae,Cladosporium,Cladosporium_halotolerans
10321659762bd81ce12b38dc396d1b67,Fungi,Ascomycota,Dothideomycetes,Capnodiales,Cladosporiaceae,Cladosporium,Cladosporium_sphaerospermum
104dcc134f833285aed893a7763bcd16,Fungi,Ascomycota,Dothideomycetes,Capnodiales,Cladosporiaceae,Cladosporium,Cladosporium_halotolerans
1091c9d5b0afc6fef974ad68691054af,Fungi,Ascomycota,Sordariomycetes,Hypocreales,Nectriaceae,Fusarium,Fusarium_concentricum
1110559c525a215ca5e8f85da3a20a66,Fungi,Basidiomycota,Tremellomycetes,Cystofilobasidiales,Mrakiaceae,Itersonilia,Itersonilia_pannonica
112249220c21cec69a484af8190d89b8,Fungi,Ascomycota,Dothideomycetes,Capnodiales,Mycosphaerellaceae,Cercospora,
1135dc2ee291cfb2990a5c249e50d3d8,Fungi,Ascomycota,Dothideomycetes,Pleosporales,,,
11c766038d52378744bced8510527677,Fungi,Ascomycota,Dothideomycetes,,,,
11ee1bfaba20e6c17f4f5c0c9449992d,Fungi,Ascomycota,Dothideomycetes,Capnodiales,Cladosporiaceae,Cladosporium,
11f26551b68a455cd4e77ca1c370410e,Fungi,Ascomycota,Dothideomycetes,Capnodiales,Cladosporiaceae,Cladosporium,Cladosporium_halotolerans
12a0f70bbcb080124272f167c537e43f,Fungi,Ascomycota,Sordariomycetes,Diaporthales,Gnomoniaceae,Gnomoniopsis,Gnomoniopsis_idaeicola
131d1ca1f1dcb67defbc41537b76c88e,Fungi,Ascomycota,Dothideomycetes,Capnodiales,Mycosphaerellaceae,Cercospora,
1328a2198494744b504d37c49072f172,Fungi,Ascomycota,Sordariomycetes,Hypocreales,Nectriaceae,Fusarium,Fusarium_concentricum
138b5b3d36839aed801f67b005ec9640,Fungi,Ascomycota,Dothideomycetes,Capnodiales,Cladosporiaceae,Cladosporium,
1417dc6dec4e5cc4543497b5818d328c,Fungi,Ascomycota,Dothideomycetes,Capnodiales,Cladosporiaceae,Cladosporium,Cladosporium_halotolerans
147a49d89d556b7342654c5ce2c7bbff,Fungi,Ascomycota,Dothideomycetes,Pleosporales,Didymosphaeriaceae,,
1552e63bb3ca17263482fe31da8b626e,Fungi,Basidiomycota,Agaricomycetes,Cantharellales,Ceratobasidiaceae,,
157b771ea25c19c023a8b3523863b43a,Fungi,Ascomycota,Sordariomycetes,Hypocreales,Nectriaceae,Fusarium,Fusarium_concentricum
17207aa3f4851052e6bb0f7223e623a8,Fungi,Ascomycota,Sordariomycetes,Hypocreales,Hypocreaceae,Trichoderma,Trichoderma_luteoeffusum
173d6f8e9108755e1bc26ccfe9787cae,Fungi,Basidiomycota,Pucciniomycetes,Pucciniales,Pucciniastraceae,Thekopsora,Thekopsora_ostryae
1841389dc62fb356df44b0c1ae9b38c4,Fungi,Basidiomycota,Agaricomycetes,Polyporales,Fomitopsidaceae,Fomitopsis,Fomitopsis_pinicola
1845867cb6d67d1234a8d4ad410abf91,Fungi,Ascomycota,Dothideomycetes,,,,
18ebd300c6c1f0777aa73e53ead76bae,Fungi,Ascomycota,Leotiomycetes,Helotiales,Helotiaceae,Tetracladium,
196f236f456d5a1b0e1c3825df8ebbf8,Fungi,Ascomycota,Dothideomycetes,Capnodiales,Cladosporiaceae,Cladosporium,
19943d7ee140f4954030db9fc613a6c6,Fungi,Basidiomycota,Agaricomycetes,Agaricales,Tricholomataceae,Merismodes,Merismodes_fasciculata
19bc36961e94fc8a2435e1ffcb4ca4c2,Fungi,Basidiomycota,Agaricomycetes,Agaricales,Tricholomataceae,Merismodes,Merismodes_fasciculata
19d33843b5c1558da40bc7685f46f0d1,Fungi,Ascomycota,Dothideomycetes,Capnodiales,Cladosporiaceae,Cladosporium,Cladosporium_halotolerans
1a051ea013794c7087bb3172579548a0,Fungi,Basidiomycota,Agaricomycetes,Agaricales,Omphalotaceae,Rhodocollybia,Rhodocollybia_butyracea
1a6e014290710dacb7c41459f2cb19bd,Fungi,Ascomycota,Sordariomycetes,Hypocreales,Nectriaceae,Fusarium,Fusarium_concentricum
1a97ad2022abe6dc043d1b54e69e6b66,Fungi,,,,,,
1b19a8b8c4ee9bc535c067e7c9e356ef,Fungi,Ascomycota,Sordariomycetes,Xylariales,,,
1be36ffc0bbd1c357e06e085ac2757b9,Fungi,Basidiomycota,Wallemiomycetes,Wallemiales,Wallemiaceae,Wallemia,Wallemia_hederae
1d6090fe8bb48d68cae086730040752e,Fungi,Ascomycota,Dothideomycetes,Capnodiales,Mycosphaerellaceae,Cercospora,
1dc0d5ea83b0e3b039fa29f815feb34e,Fungi,Ascomycota,Sordariomycetes,Hypocreales,Nectriaceae,Fusarium,Fusarium_concentricum
1dcf25db9cf9d4c8bd18fbedf59d5ba4,Fungi,Basidiomycota,Agaricomycetes,Polyporales,Polyporaceae,Trametes,unidentified
1e2d2a14aa6ddb61c88ec43a72823a02,Fungi,Basidiomycota,Agaricomycetes,Hymenochaetales,Hymenochaetaceae,Hymenochaetopsis,Hymenochaetopsis_tabacina
1e336f004c5f823c8555d056f121f602,Fungi,Ascomycota,Sordariomycetes,Hypocreales,Nectriaceae,Fusarium,Fusarium_concentricum
1e75613bd5abd1f2f60cca04d6ddfd75,Fungi,Basidiomycota,Agaricomycetes,Auriculariales,Exidiaceae,Exidia,Exidia_glandulosa
1eb71e111d6c1352dbaeb4287ddc9a90,Fungi,Ascomycota,Dothideomycetes,Capnodiales,Cladosporiaceae,Cladosporium,Cladosporium_halotolerans
1ef964caff3509ae65aac3c08f856c6c,Fungi,Basidiomycota,Agaricomycetes,Agaricales,Tricholomataceae,Mycena,Mycena_sanguinolenta
1f149affd11d8a384a66f980373a07c0,Fungi,Ascomycota,Sordariomycetes,Xylariales,,,
1f17cb4860d8b9a143a2adb7524386a5,Fungi,Ascomycota,Dothideomycetes,Capnodiales,Cladosporiaceae,Cladosporium,
1f8592c04a63371b97eaa3134768bb16,Fungi,Ascomycota,Dothideomycetes,Capnodiales,Mycosphaerellaceae,Cercospora,
20a7b3ed22cc8f642d85db9d1e550e3a,Fungi,Ascomycota,Dothideomycetes,,,,
20ec508241cd834e9c9f428494cbd758,Fungi,Ascomycota,Dothideomycetes,Capnodiales,Cladosporiaceae,Cladosporium,
20f76c1619526d0a35ca7a7b1a532c44,Fungi,Basidiomycota,Ustilaginomycetes,Ustilaginales,Ustilaginaceae,Moesziomyces,Moesziomyces_parantarcticus
214891490e637eb7af48149316dd72da,Fungi,Ascomycota,Dothideomycetes,Capnodiales,Cladosporiaceae,Cladosporium,Cladosporium_halotolerans
21c02887a01593007ce5acb8e7e8cea9,Fungi,Ascomycota,Sordariomycetes,Hypocreales,Nectriaceae,Fusarium,Fusarium_concentricum
21e8d74154ac5015f4462ad0c1875db0,Fungi,Ascomycota,,,,,
21fc3d46b86e086a1c239d352aa5d1ca,Fungi,Ascomycota,Dothideomycetes,Capnodiales,Cladosporiaceae,Cladosporium,
231d8ced94e7cd5c847f242e0dc19417,Fungi,Ascomycota,Dothideomycetes,Capnodiales,Cladosporiaceae,Cladosporium,
232a5c1e826eea236491deeac5a49481,Fungi,Basidiomycota,Tremellomycetes,Cystofilobasidiales,Mrakiaceae,Itersonilia,Itersonilia_pannonica
232d7e75fafa84556650327eeb6de9b7,Fungi,Basidiomycota,Agaricomycetes,Polyporales,Steccherinaceae,Antrodiella,Antrodiella_faginea
23c5a0545c3779b65c16d9fd9243fb89,Fungi,Ascomycota,Dothideomycetes,Capnodiales,Cladosporiaceae,Cladosporium,
23cea6e9f03a217ab2409ab380ceaf3a,Fungi,Ascomycota,Sordariomycetes,Xylariales,,,
2414fbeb2e7484bafa0a4fc305a1ffb7,Fungi,Ascomycota,Dothideomycetes,Pleosporales,Didymosphaeriaceae,,
24a7fb08dbc7ab03fba267c2d064235c,Fungi,Ascomycota,Dothideomycetes,Pleosporales,Pleosporaceae,Alternaria,
25cd45c3630838a2cbc4a1e0974809be,Fungi,Ascomycota,Dothideomycetes,Capnodiales,Cladosporiaceae,Cladosporium,
25e92343b459dce23474708e5ae65898,Fungi,Basidiomycota,Agaricomycetes,Hymenochaetales,Schizoporaceae,Hyphodontia,Hyphodontia_pallidula
2662507e55128049f0d9e2ec815b0611,Fungi,Ascomycota,Sordariomycetes,Hypocreales,Nectriaceae,Fusarium,Fusarium_concentricum
270354345189dec4955ca38a432fe9fd,Fungi,Ascomycota,Sordariomycetes,Hypocreales,Nectriaceae,Fusarium,Fusarium_concentricum
2729cdd9165d06db770317dc9b0c162e,Fungi,Basidiomycota,Tremellomycetes,unidentified,unidentified,unidentified,unidentified
27f9dd7e50ab4511cfab0ac3c3eb7305,Fungi,Basidiomycota,Ustilaginomycetes,Ustilaginales,Ustilaginaceae,Moesziomyces,Moesziomyces_aphidis
2866fa4b360ab314dcdb07b347464212,Fungi,Ascomycota,Dothideomycetes,Capnodiales,Cladosporiaceae,Cladosporium,Cladosporium_halotolerans
28e5dbd76442d39cad9434b30867fa89,Fungi,Ascomycota,Sordariomycetes,Hypocreales,Nectriaceae,Fusarium,Fusarium_concentricum
2901993658850b99fad1ccf838e08249,Fungi,Basidiomycota,Ustilaginomycetes,Ustilaginales,Ustilaginaceae,Moesziomyces,Moesziomyces_parantarcticus
298fe530fdec482f6b22b5dd5d876b7b,Fungi,Ascomycota,Sordariomycetes,Hypocreales,Nectriaceae,Fusarium,Fusarium_concentricum
29f6b766ce099baf42267d3f9198c455,Fungi,Basidiomycota,Agaricomycetes,Cantharellales,Ceratobasidiaceae,Thanatephorus,unidentified
2a1ed6b28be8bea4ff6bdafc429263f0,Fungi,Ascomycota,Taphrinomycetes,Taphrinales,Taphrinaceae,Taphrina,Taphrina_sadebeckii
2a5d2be27d342756836b13b39f300cad,Fungi,Basidiomycota,Agaricomycetes,Russulales,Peniophoraceae,Peniophora,Peniophora_lycii
2b07e6304713a135238e5d8986318940,Fungi,Ascomycota,Dothideomycetes,Capnodiales,Cladosporiaceae,Cladosporium,Cladosporium_halotolerans
2b3d56f0e3ef1c7fc67636c660317b04,Fungi,Ascomycota,Sordariomycetes,Hypocreales,Nectriaceae,Fusarium,Fusarium_concentricum
2b5c13c539a0078f9f321041eb8eee00,Fungi,Basidiomycota,Malasseziomycetes,Malasseziales,Malasseziaceae,Malassezia,Malassezia_globosa
2be4c71b87a71fb1921b9a51b01f0e16,Fungi,Ascomycota,Leotiomycetes,Helotiales,Helotiaceae,Tetracladium,
2c0eaf866f812958fd866219071b54f2,Fungi,Ascomycota,Dothideomycetes,Capnodiales,Cladosporiaceae,Cladosporium,Cladosporium_halotolerans
2d0cda9a3dd3710eff180298f092383c,Fungi,Ascomycota,Sordariomycetes,Hypocreales,Nectriaceae,Fusarium,Fusarium_concentricum
2d1315dfdb245da2b1228d440be03cd9,Fungi,Ascomycota,Dothideomycetes,Pleosporales,unidentified,unidentified,unidentified
2dc4867315f0b5a174093ca6c6edcca6,Fungi,Ascomycota,Dothideomycetes,Capnodiales,Cladosporiaceae,Cladosporium,Cladosporium_halotolerans
2e0776061472bfe7f7cbe5ecd955c18d,Fungi,Ascomycota,Sordariomycetes,Hypocreales,Nectriaceae,Fusarium,Fusarium_concentricum
2e494b417c67f073ea2f88fcc0999b3b,Fungi,Ascomycota,Sordariomycetes,Xylariales,,,
2e78b1c97260b0dd914950b8a2bdb1da,Fungi,Ascomycota,Dothideomycetes,Pleosporales,Pleosporaceae,Curvularia,
2e8ef238bc6fd4afb63df3be4ac9a38d,Fungi,Basidiomycota,Agaricomycetes,Cantharellales,Cantharellales_fam_Incertae_sedis,Sistotrema,Sistotrema_oblongisporum
2eb2407b91c2bdfc617eec928a4c0c55,Fungi,Ascomycota,Sordariomycetes,Hypocreales,Hypocreales_fam_Incertae_sedis,Sarocladium,Sarocladium_kiliense
2ec1cd87363c4ddb24436a44a383c424,Fungi,Basidiomycota,Agaricomycetes,unidentified,unidentified,unidentified,unidentified
2f4c5f134c62e353c0dd9fd40c160b7f,Fungi,Ascomycota,Dothideomycetes,Pleosporales,Pleosporaceae,Alternaria,
2f6a940456ff6e727acb085cfd31481b,Fungi,Ascomycota,Dothideomycetes,Capnodiales,,,
2ffa8cc96de42fdafc02d15223dfbfcf,Fungi,Basidiomycota,Agaricomycetes,Hymenochaetales,Hymenochaetales_fam_Incertae_sedis,Resinicium,Resinicium_bicolor
301a7542c1be032ba4f86a55bdeb0999,Fungi,Ascomycota,,,,,
301e41abcff1d48727af6c29a72b7904,Fungi,Ascomycota,Dothideomycetes,Pleosporales,unidentified,unidentified,unidentified
309f9c4b4619aaeb6ce0e49a3133186c,Fungi,Basidiomycota,Malasseziomycetes,Malasseziales,Malasseziaceae,Malassezia,Malassezia_globosa
30e29137ec297a62efa7c6eec910b453,Fungi,Basidiomycota,Agaricomycetes,Auriculariales,Exidiaceae,Exidia,Exidia_glandulosa
310cf8f6673a7493933e9cfc1763ef39,Fungi,Ascomycota,Dothideomycetes,,,,
31911fc03d9e6794413c62f6f901ecba,Fungi,Ascomycota,Sordariomycetes,Hypocreales,Nectriaceae,Fusarium,Fusarium_concentricum
31f2913c7888f846d3246cb008edc5f6,Fungi,Ascomycota,Dothideomycetes,Capnodiales,Cladosporiaceae,Cladosporium,Cladosporium_halotolerans
3263edb859fd0bdde53716177f2bf005,Fungi,Ascomycota,Dothideomycetes,Pleosporales,Pleosporaceae,Curvularia,Curvularia_spicifera
33b321fb91a2da43dbcea9a5c9890b1c,Fungi,Ascomycota,Dothideomycetes,Capnodiales,Cladosporiaceae,Cladosporium,
33d3b63316ea5bf2bbb807ac1eed5959,Fungi,Ascomycota,Dothideomycetes,,,,
348cfa12fc8a01412f16ff686c6de22a,Fungi,Ascomycota,Sordariomycetes,Xylariales,,,
34b898b0172d2f25de8e99b14040139f,Fungi,Ascomycota,Sordariomycetes,Phomatosporales,Phomatosporaceae,Phomatospora,Phomatospora_biseriata
34bfc1a82c089c83459f46808e9550a5,Fungi,Ascomycota,Sordariomycetes,Hypocreales,Nectriaceae,Fusarium,Fusarium_concentricum
35a6a5ef1d498c698b54f9c56bf576a7,Fungi,Ascomycota,Sordariomycetes,Savoryellales,unidentified,unidentified,unidentified
35c79052c268500e6b2fd6a20044f4bd,Fungi,Ascomycota,Dothideomycetes,Capnodiales,Cladosporiaceae,Cladosporium,Cladosporium_halotolerans
3647537da54bf348d483ce44013a9b4c,Fungi,Ascomycota,Dothideomycetes,Capnodiales,Cladosporiaceae,Cladosporium,
366e4ec01c301e0608917a8eef5d5c18,Fungi,Ascomycota,Sordariomycetes,Xylariales,,,
368f3865a0a556e0df0e5faa13d80f93,Fungi,Basidiomycota,Ustilaginomycetes,Ustilaginales,Ustilaginaceae,Ustilago,unidentified
36e8c6b92c96f4f0943d896f6402990d,Fungi,Ascomycota,Dothideomycetes,Pleosporales,Didymosphaeriaceae,,
371b829c6d045472a232a8392662dad8,Fungi,Ascomycota,Dothideomycetes,Capnodiales,Cladosporiaceae,Cladosporium,
373c41faf3f69665ecca8f253a1e64e4,Fungi,Ascomycota,Sordariomycetes,Hypocreales,Nectriaceae,Fusarium,Fusarium_concentricum
37977b1207602d0cf48be4c05e8c1b0a,Fungi,Ascomycota,Dothideomycetes,Capnodiales,Mycosphaerellaceae,Ramularia,
37f86ecd929751f8396d36aa3d2465ab,Fungi,Ascomycota,Dothideomycetes,Capnodiales,Cladosporiaceae,Cladosporium,Cladosporium_halotolerans
38701196364b135e050b1435202bb83c,Fungi,Ascomycota,Dothideomycetes,Capnodiales,Cladosporiaceae,Cladosporium,
38880387a794c1f8b41c1120cdfc4e0e,Fungi,,,,,,
389e8f35538495d260f2729d5c402f2b,Fungi,Ascomycota,Dothideomycetes,Capnodiales,,,
397b1c51e354d0f8843ccf705fbd337e,Fungi,Ascomycota,Dothideomycetes,Capnodiales,Cladosporiaceae,Cladosporium,Cladosporium_halotolerans
39a50b964a80f914151ed125db049fdf,Fungi,,,,,,
39d08814e06858bfeed527b221c6918a,Fungi,Basidiomycota,Agaricomycetes,Auriculariales,Exidiaceae,Exidiopsis,Exidiopsis_effusa
39db9b29dd9e23ed3be82c356ce68daa,Fungi,Ascomycota,Sordariomycetes,Xylariales,,,
3a288c1a369ab8d2cbf408210e635d6b,Fungi,Ascomycota,Dothideomycetes,Capnodiales,Cladosporiaceae,Cladosporium,
3b40d6816956974ac19383002c439ac4,Fungi,Basidiomycota,Ustilaginomycetes,Ustilaginales,Ustilaginaceae,Moesziomyces,Moesziomyces_aphidis
3bbd7a06a620d8bf2032daf9fdd595b9,Fungi,Ascomycota,Dothideomycetes,,,,
3c4c968c31f0fd017819feb61f33d3c8,Fungi,Basidiomycota,Agaricomycetes,Hymenochaetales,Hymenochaetaceae,Hymenochaetopsis,Hymenochaetopsis_tabacina
3c53fd9ada7f17f82c4325a128cea399,Fungi,Basidiomycota,Ustilaginomycetes,Ustilaginales,Ustilaginaceae,Moesziomyces,Moesziomyces_aphidis
3ce821344e7c2e1b814753f6debbc0c2,Fungi,Ascomycota,Sordariomycetes,Xylariales,,,
3e4afc7dabf9695040a4cba6a60f9d70,Fungi,Ascomycota,Dothideomycetes,,,,
3f070804119f6a8794d23c5d92cab2cd,Fungi,Basidiomycota,Agaricostilbomycetes,Agaricostilbales,Kondoaceae,Kondoa,unidentified
3f4c0e78a620a20b96e9b59404d6dc13,Fungi,Basidiomycota,Agaricomycetes,Amylocorticiales,Amylocorticiaceae,Amyloxenasma,Amyloxenasma_allantosporum
3f512d75ecb1149c449ceebcfa98f10e,Fungi,Ascomycota,Dothideomycetes,Pleosporales,Pleosporaceae,Curvularia,
3f995be1f8e40b71cd1491fa80b67d9c,Fungi,Ascomycota,Eurotiomycetes,Chaetothyriales,unidentified,unidentified,unidentified
40557d5bbc7aa706e7e2ad8a76875a14,Fungi,Ascomycota,Sordariomycetes,Hypocreales,Nectriaceae,Fusarium,Fusarium_concentricum
40d1c3b03068de03b6a8a09de950f2ef,Fungi,Ascomycota,Leotiomycetes,Helotiales,Hyaloscyphaceae,Ciliolarina,Ciliolarina_pinicola
40d573ff38584d267686abed1767e48b,Fungi,Basidiomycota,Agaricomycetes,Agaricales,Tricholomataceae,Mycena,Mycena_sanguinolenta
4131f877f35460fe4d1f9706390881f7,Fungi,Ascomycota,Dothideomycetes,Capnodiales,Cladosporiaceae,Cladosporium,
41a1c2540ea10d3349843c530f663b02,Fungi,Ascomycota,Sordariomycetes,Hypocreales,Nectriaceae,Fusarium,Fusarium_concentricum
41ee59a270d5edcae3fa7eecf1b0adf1,Fungi,Ascomycota,Sordariomycetes,Hypocreales,Nectriaceae,Fusarium,Fusarium_concentricum
42de9209110c77b11255ea636491d96b,Fungi,Ascomycota,Sordariomycetes,Hypocreales,Nectriaceae,Fusarium,Fusarium_concentricum
42f141b1ab34ab62e53a8b92f5cafb62,Fungi,Ascomycota,Dothideomycetes,,,,
42ff42a91bcc9e4b20253e46706ada0b,Fungi,Ascomycota,Dothideomycetes,Capnodiales,Mycosphaerellaceae,Cercospora,
435e433b69e50f1b8219341c7f9fef45,Fungi,Basidiomycota,Agaricomycetes,Hymenochaetales,Hymenochaetales_fam_Incertae_sedis,Resinicium,Resinicium_bicolor
43945d64999e10d3c92207f503f29107,Fungi,Basidiomycota,Malasseziomycetes,Malasseziales,Malasseziaceae,Malassezia,Malassezia_globosa
43d067be923f96e4a0de90198e94f50f,Fungi,Ascomycota,Dothideomycetes,Capnodiales,Mycosphaerellaceae,Cercospora,
43eaed7244aac7e238fae58c703186e8,Fungi,Ascomycota,Dothideomycetes,Pleosporales,Didymosphaeriaceae,,
4540044409e9023810696c1506fcac37,Fungi,Ascomycota,Dothideomycetes,Pleosporales,Pleosporaceae,Alternaria,
454c1e8e9e1a31186f63120821903167,Fungi,Basidiomycota,Exobasidiomycetes,Entylomatales,Entylomataceae,Entyloma,Entyloma_calendulae
45a06b137e48bac53815cac28cf917a3,Fungi,Ascomycota,Dothideomycetes,Capnodiales,Cladosporiaceae,Cladosporium,Cladosporium_halotolerans
46015a563ef5538dedc59fdd5122d45b,Fungi,Basidiomycota,Agaricomycetes,Agaricales,Omphalotaceae,Gymnopus,Gymnopus_perforans
4674343b9c1fc070aaa998c76286ab50,Fungi,Ascomycota,Dothideomycetes,Capnodiales,Mycosphaerellaceae,Cercospora,
46b2bd7df730afeb008c22f6667dcfb5,Fungi,Ascomycota,Dothideomycetes,Capnodiales,Cladosporiaceae,Cladosporium,Cladosporium_sphaerospermum
47382520c8ed926bfbe72510e8ef8134,Fungi,Ascomycota,Leotiomycetes,Erysiphales,Erysiphaceae,Blumeria,Blumeria_graminis
4748c0518fddb4ff20fb44e0d3c989ef,Fungi,Ascomycota,Dothideomycetes,Pleosporales,Didymosphaeriaceae,,
475a9db3d18fb2918f3b616ce53a9499,Fungi,Basidiomycota,Agaricomycetes,Agaricomycetes_ord_Incertae_sedis,Agaricomycetes_fam_Incertae_sedis,Xenasmatella,Xenasmatella_vaga
47ae3bc913e38e445d18c0ce9f28c2c7,Fungi,Ascomycota,Dothideomycetes,Pleosporales,Pleosporaceae,Alternaria,
487fcfe745059570248473066aa6d325,Fungi,Ascomycota,Dothideomycetes,Capnodiales,Cladosporiaceae,Cladosporium,Cladosporium_halotolerans
4899866a9a8a8a92cf950eceecc38972,Fungi,Ascomycota,Dothideomycetes,Pleosporales,Didymosphaeriaceae,,
499a65dc9d975c68b66db8fa5c414001,Fungi,Ascomycota,Dothideomycetes,Pleosporales,Pleosporaceae,Alternaria,
49a0ed7173c8a0f49263677fdeebe938,Fungi,Ascomycota,Sordariomycetes,Hypocreales,Nectriaceae,Fusarium,Fusarium_concentricum
49a4e0146cc8ff23837a3bd96d4b39b2,Fungi,Ascomycota,Dothideomycetes,Capnodiales,Cladosporiaceae,Cladosporium,
49b40f6e79d4bfae349e2da89f4caf35,Fungi,Basidiomycota,Agaricomycetes,Hymenochaetales,Schizoporaceae,Alutaceodontia,Alutaceodontia_alutacea
4b6819f651110d5babf14e4fe310bad0,Fungi,Basidiomycota,Agaricomycetes,Polyporales,Polyporaceae,Trametes,unidentified
4c0137cc06dd50318aafd94072b3e3e2,Fungi,Ascomycota,Dothideomycetes,Capnodiales,Cladosporiaceae,Cladosporium,Cladosporium_halotolerans
4c12150c06f54a0f25c8ce44c4f2217c,Fungi,Ascomycota,Sordariomycetes,Hypocreales,Nectriaceae,Fusarium,Fusarium_concentricum
4c7343053ca3caa7818354526496fde4,Fungi,Basidiomycota,Tremellomycetes,Filobasidiales,Filobasidiaceae,Naganishia,Naganishia_albida
4c7dd42a927eb6e7929ffd9acbde2c0e,Fungi,Ascomycota,Dothideomycetes,Pleosporales,Pleosporaceae,Alternaria,
4dcbf321b17c9f89a203b18be53a0780,Fungi,Ascomycota,Dothideomycetes,Capnodiales,Cladosporiaceae,Cladosporium,
4dde44df52c736ad3efe4973521dc545,Fungi,Ascomycota,Dothideomycetes,Capnodiales,Cladosporiaceae,Cladosporium,Cladosporium_halotolerans
4df7a98460db66a6a20bc6d5e159c4b5,Fungi,Ascomycota,Dothideomycetes,Pleosporales,Didymosphaeriaceae,,
4e84ecc6ee611d3c008cf5c7391b0949,Fungi,Ascomycota,Leotiomycetes,Helotiales,Sclerotiniaceae,Monilinia,Monilinia_polystroma
4f6162c6796777a089ac53ecab79e61e,Fungi,Basidiomycota,Malasseziomycetes,Malasseziales,Malasseziaceae,Malassezia,Malassezia_restricta
4fea75c1d89b9f2cb35a980cef474b3b,Fungi,Basidiomycota,Ustilaginomycetes,Ustilaginales,Ustilaginaceae,Moesziomyces,Moesziomyces_aphidis
5005e9b05966ef462b6b73ae81b18051,Fungi,Ascomycota,Dothideomycetes,Pleosporales,Pleosporaceae,Alternaria,
5007ee111e809f64f2cd75e499fa2035,Fungi,Basidiomycota,Agaricomycetes,Hymenochaetales,Hymenochaetales_fam_Incertae_sedis,Resinicium,Resinicium_bicolor
508a31ba70b874d8998c332f2b8dc793,Fungi,Ascomycota,Sordariomycetes,Hypocreales,Nectriaceae,Fusarium,Fusarium_concentricum
509e3531625a7e0bf7986af560a33e26,Fungi,Ascomycota,Sordariomycetes,Hypocreales,Nectriaceae,Fusarium,Fusarium_concentricum
51a02e0e7a532ab56772f063c1d88d43,Fungi,Ascomycota,Dothideomycetes,Capnodiales,Cladosporiaceae,Cladosporium,Cladosporium_sphaerospermum
522206aa6cc8c8b70770fa6a69c28726,Fungi,Ascomycota,Sordariomycetes,Hypocreales,Nectriaceae,Fusarium,Fusarium_concentricum
5236c12fc025f1db47c21cd84810dd03,Fungi,Ascomycota,Dothideomycetes,Capnodiales,Cladosporiaceae,Cladosporium,Cladosporium_halotolerans
523f4af6befdbbebd00c10b4f92426f6,Fungi,Ascomycota,Sordariomycetes,Hypocreales,Nectriaceae,Fusarium,Fusarium_concentricum
5246052cd12ce7432536e29918da67e1,Fungi,Basidiomycota,Agaricomycetes,Agaricales,Pleurotaceae,Hohenbuehelia,Hohenbuehelia_cyphelliformis
52ece3e8a544d15400b5a2ec31989825,Fungi,Ascomycota,Dothideomycetes,Capnodiales,Cladosporiaceae,Cladosporium,Cladosporium_halotolerans
53231727864bda8b06f20160b55343c0,Fungi,Ascomycota,Dothideomycetes,,,,
535902495c4a8e88c53ce15619c797bb,Fungi,Basidiomycota,Pucciniomycetes,Pucciniales,Pucciniastraceae,Thekopsora,Thekopsora_ostryae
5387de66eb414b272c9dc87e5e7a3ded,Fungi,Basidiomycota,Ustilaginomycetes,Ustilaginales,Ustilaginaceae,Pseudozyma,Pseudozyma_hubeiensis
5431c15fd296e816469282e4f44a87fd,Fungi,Ascomycota,Dothideomycetes,Capnodiales,Cladosporiaceae,Cladosporium,
5574028591ed0c925527875ad740836e,Fungi,Ascomycota,Dothideomycetes,Pleosporales,,,
55c33eea81e4c8f8f9b366842ca1aebc,Fungi,Ascomycota,Sordariomycetes,Hypocreales,Nectriaceae,Fusarium,Fusarium_concentricum
563f47ea2e7d29113e7b2042adda6420,Fungi,Ascomycota,Sordariomycetes,Hypocreales,Nectriaceae,Fusarium,Fusarium_concentricum
5668653af667a01984a75d08f5f0efc1,Fungi,Ascomycota,Sordariomycetes,Hypocreales,Nectriaceae,Fusarium,Fusarium_concentricum
56b8f1765a7fbd72d31155c29f95dab2,Fungi,Ascomycota,Sordariomycetes,Hypocreales,Nectriaceae,Fusarium,Fusarium_concentricum
56f65ad85362abaf63977fe541e5d162,Fungi,Chytridiomycota,Spizellomycetes,Spizellomycetales,unidentified,unidentified,unidentified
5761827d35f869e43d531f21988016a6,Fungi,Ascomycota,Dothideomycetes,,,,
57c7b2cebb7356992879021d3763a933,Fungi,Ascomycota,Dothideomycetes,Capnodiales,Cladosporiaceae,Cladosporium,Cladosporium_halotolerans
581e83918e0977b3075c7110df0a3ea9,Fungi,Ascomycota,Dothideomycetes,Capnodiales,Cladosporiaceae,Cladosporium,
58274605c2a1c32502eb6a78f4a38def,Fungi,Ascomycota,Sordariomycetes,Hypocreales,Nectriaceae,Fusarium,Fusarium_concentricum
582a7bf398ef463541d1a5269795ebb5,Fungi,Basidiomycota,Tremellomycetes,Filobasidiales,Filobasidiaceae,Filobasidium,
58ff3dd650c93359efd71d87864b2152,Fungi,Ascomycota,Dothideomycetes,Capnodiales,,,
59d18c6d9f1f1d74eaf3b70cb7cfb783,Fungi,Ascomycota,Sordariomycetes,Hypocreales,Nectriaceae,Fusarium,Fusarium_concentricum
59f67fcee381751e1542b9ba6ddb9f78,Fungi,,,,,,
59f87f5b6534789b3d6dc449d86d9a04,Fungi,Basidiomycota,Wallemiomycetes,Wallemiales,Wallemiaceae,Wallemia,Wallemia_hederae
5a17e5b5789dfd5572bace0974e810c2,Fungi,Basidiomycota,Malasseziomycetes,Malasseziales,Malasseziaceae,Malassezia,Malassezia_globosa
5a3461baa6cf37da7842ea15b6e5e4b5,Fungi,Ascomycota,Dothideomycetes,Capnodiales,Cladosporiaceae,Cladosporium,Cladosporium_halotolerans
5ad43ae74c3586fdc6ece68c40d29964,Fungi,Basidiomycota,Malasseziomycetes,Malasseziales,Malasseziaceae,Malassezia,Malassezia_globosa
5b59c0cb8ae7aab92677abdacdc69444,Fungi,,,,,,
5c0a8439907763713472fdd2fc3a01e0,Fungi,Ascomycota,Sordariomycetes,Hypocreales,Nectriaceae,Fusarium,Fusarium_concentricum
5c85d3a12984c6a2fefd9026bfec7ec5,Fungi,Ascomycota,Dothideomycetes,Pleosporales,Didymosphaeriaceae,,
5c941d7b2dd977c0ffd875e693e7ddcb,Fungi,Basidiomycota,Agaricomycetes,Auriculariales,Exidiaceae,Exidia,Exidia_glandulosa
5ce27a0e001032b2c2e60649d831434d,Fungi,Basidiomycota,Malasseziomycetes,Malasseziales,Malasseziaceae,Malassezia,Malassezia_restricta
5ce4f0c58efab77863ee38455cf87326,Fungi,Ascomycota,Dothideomycetes,Pleosporales,Pleosporaceae,Alternaria,
5da3d12f99d2109373c3651ee7704269,Fungi,Ascomycota,Dothideomycetes,Pleosporales,Didymosphaeriaceae,,
610a7e2e854171b0b4040e9479909966,Fungi,Basidiomycota,Agaricomycetes,Polyporales,Fomitopsidaceae,Antrodia,Antrodia_serialis
6157a346971238fae14029d12b913081,Fungi,Ascomycota,Sordariomycetes,Hypocreales,Nectriaceae,Fusarium,Fusarium_concentricum
616b05d3fce06b8f215e9579e165c78a,Fungi,Basidiomycota,Ustilaginomycetes,Ustilaginales,Ustilaginaceae,Moesziomyces,Moesziomyces_aphidis
61bcfa13defe3eb3650c1d2303894277,Fungi,Ascomycota,Sordariomycetes,Hypocreales,Nectriaceae,Fusarium,Fusarium_concentricum
61cfb087edbb9bc4e8c87527531f077b,Fungi,Basidiomycota,Agaricomycetes,Cantharellales,Ceratobasidiaceae,Thanatephorus,
6220c638a7f5e9746675c9ac6e2afac2,Fungi,Ascomycota,Dothideomycetes,Capnodiales,Cladosporiaceae,Cladosporium,
629050edacfa6e8b68345f988830e8aa,Fungi,Ascomycota,Sordariomycetes,Hypocreales,Nectriaceae,Fusarium,Fusarium_concentricum
62d00c6e95249eb0eabb60e8cdb2d1a4,Fungi,Ascomycota,Sordariomycetes,Xylariales,,,
62dd557002aa33111dae284c6244cd1c,Fungi,Basidiomycota,,,,,
62e91081d614b22202b644dfd362e134,Fungi,Ascomycota,Dothideomycetes,Pleosporales,Pleosporaceae,Alternaria,
6386548938cfcba1fcd4fc4fdf15d29f,Fungi,Ascomycota,Dothideomycetes,Capnodiales,Cladosporiaceae,Cladosporium,Cladosporium_halotolerans
6395c78c4649e25dca741ad24ad99daf,Fungi,Ascomycota,Dothideomycetes,Pleosporales,Didymellaceae,Neoascochyta,Neoascochyta_exitialis
6398845c36293de849c4b7348c76da44,Fungi,Basidiomycota,Tremellomycetes,Tremellales,Bulleribasidiaceae,Dioszegia,Dioszegia_fristingensis
63defa47ddaa51b1a9199093ee23d879,Fungi,Ascomycota,Dothideomycetes,Capnodiales,Cladosporiaceae,Cladosporium,Cladosporium_sphaerospermum
64787932b52300f52d7d3205e0fd49a8,Fungi,Basidiomycota,Agaricomycetes,Hymenochaetales,Schizoporaceae,Alutaceodontia,Alutaceodontia_alutacea
649b9d0fb2bf3cdf447cf3fc55b6e3ef,Fungi,Ascomycota,Dothideomycetes,,,,
64b642374e19b2d8527538fa8f5248bc,Fungi,Basidiomycota,Agaricomycetes,Cantharellales,Botryobasidiaceae,Botryobasidium,Botryobasidium_subcoronatum
64e59797b0d3aa075bb705f5c92afe90,Fungi,Ascomycota,Dothideomycetes,Capnodiales,Mycosphaerellaceae,Cercospora,
658801cb356e7be0ce9b4f14261f1690,Fungi,Ascomycota,Dothideomycetes,Capnodiales,Cladosporiaceae,Cladosporium,
660a34214233a51010a995d39239913a,Fungi,Ascomycota,Taphrinomycetes,Taphrinales,Taphrinaceae,Taphrina,Taphrina_sadebeckii
663ecb74160474e42c1b35573077c147,Fungi,Basidiomycota,Agaricomycetes,Polyporales,Hyphodermataceae,Hyphoderma,Hyphoderma_setigerum
6657d0a0130ce54e14dcb780ca75e838,Fungi,Ascomycota,Sordariomycetes,Hypocreales,Nectriaceae,Fusarium,Fusarium_concentricum
66ab488a1ab211ef27ff53e7f52df64b,Fungi,Ascomycota,Dothideomycetes,Pleosporales,Didymosphaeriaceae,,
66da2ce953b873dc584caedb434251fe,Fungi,Ascomycota,Eurotiomycetes,Eurotiales,Aspergillaceae,Aspergillus,
66de8a0770a65260904aaf924fe0d85c,Fungi,Basidiomycota,Exobasidiomycetes,Entylomatales,Entylomataceae,Entyloma,Entyloma_calendulae
679041c025ba79a859fe783c02f2b9e9,Fungi,Ascomycota,Dothideomycetes,Capnodiales,Cladosporiaceae,Cladosporium,Cladosporium_halotolerans
68043ef20c2d7b451828c5ef553312c3,Fungi,Basidiomycota,Ustilaginomycetes,Ustilaginales,Ustilaginaceae,Moesziomyces,Moesziomyces_aphidis
6809d4849d2e4aef3a1465f04710e758,Fungi,Basidiomycota,Ustilaginomycetes,Ustilaginales,Ustilaginaceae,Pseudozyma,Pseudozyma_hubeiensis
681be213a3be1cad105077e7945cf674,Fungi,,,,,,
6876aaa2ca88c0506b6a232b05d08a14,Fungi,Ascomycota,Dothideomycetes,Capnodiales,Cladosporiaceae,Cladosporium,
68a7071b5b8732a0669f1e5f6e336af9,Fungi,Ascomycota,Dothideomycetes,Capnodiales,Cladosporiaceae,Cladosporium,Cladosporium_halotolerans
68d36744f13bee9e4140a5c2055dffa8,Fungi,Ascomycota,Dothideomycetes,Capnodiales,Cladosporiaceae,Cladosporium,Cladosporium_halotolerans
6922b8a6ce71286a8fca069705daeaa6,Fungi,Ascomycota,Sordariomycetes,Hypocreales,Nectriaceae,Fusarium,Fusarium_concentricum
692cc913df172cfc6c1744983f51d463,Fungi,Basidiomycota,Ustilaginomycetes,Ustilaginales,Ustilaginaceae,Moesziomyces,
693c48cfbdec51f0514bf2686b874036,Fungi,Ascomycota,Sordariomycetes,Hypocreales,Nectriaceae,Fusarium,Fusarium_concentricum
69e10c30e041231d7874dec3319dd32c,Fungi,Ascomycota,Eurotiomycetes,Eurotiales,Aspergillaceae,Aspergillus,
6a3373a67caeacfc135098b5b43f85eb,Fungi,Ascomycota,Sordariomycetes,Xylariales,,,
6a5aa3cb106bc568680a20a39b40e06f,Fungi,Ascomycota,Dothideomycetes,Capnodiales,Cladosporiaceae,Cladosporium,Cladosporium_halotolerans
6b3edf68652e5cc5fe74255d31972cde,Fungi,Ascomycota,Sordariomycetes,Hypocreales,Nectriaceae,Fusarium,Fusarium_concentricum
6b5b04696f6c0b6692f4b7cf3b926875,Fungi,Ascomycota,Sordariomycetes,Hypocreales,Nectriaceae,Fusarium,Fusarium_concentricum
6bd1e323bcc9c0530edd64d98ed7160c,Fungi,Ascomycota,Dothideomycetes,Capnodiales,Cladosporiaceae,Cladosporium,Cladosporium_sphaerospermum
6bec66c1854eb5f8342767d69ddd63cd,Fungi,Basidiomycota,Ustilaginomycetes,Ustilaginales,Ustilaginaceae,Moesziomyces,Moesziomyces_aphidis
6c10dadd6e58440bbf98606caf137ee8,Fungi,Ascomycota,Sordariomycetes,Hypocreales,Nectriaceae,Fusarium,Fusarium_concentricum
6c6d7a145278c9f821c1b6a4327a7df2,Fungi,Basidiomycota,Ustilaginomycetes,Ustilaginales,Ustilaginaceae,Moesziomyces,Moesziomyces_rugulosus
6cb4ffb200d293063e3cd8d63375d61a,Fungi,Ascomycota,Dothideomycetes,Capnodiales,Mycosphaerellaceae,Cercospora,
6ce5247c35ee9b214e39784547c62f89,Fungi,Basidiomycota,Agaricomycetes,Russulales,Peniophoraceae,Peniophora,
6d1d61207b977ace337440ba37231f59,Fungi,Ascomycota,Sordariomycetes,Hypocreales,Nectriaceae,Fusarium,Fusarium_concentricum
6d257c7b4ce949feca37a07cc681e28e,Fungi,Ascomycota,Dothideomycetes,Capnodiales,Cladosporiaceae,Cladosporium,Cladosporium_halotolerans
6d91e69f509c92a3958811287e203d26,Fungi,Ascomycota,Dothideomycetes,Pleosporales,Pleosporaceae,Alternaria,
6dd4206638147acb130280b9bd36c46f,Fungi,Ascomycota,Dothideomycetes,Capnodiales,Cladosporiaceae,Cladosporium,
6dda4e08a9e19dad22682f8ffc862dbc,Fungi,Ascomycota,Dothideomycetes,Pleosporales,Didymosphaeriaceae,,
6ddcdbe730008d8231f333548df3991a,Fungi,Basidiomycota,Tremellomycetes,Tremellales,Bulleribasidiaceae,Vishniacozyma,Vishniacozyma_victoriae
6df20d8fe00e999817308649949968ab,Fungi,Ascomycota,Dothideomycetes,Capnodiales,Cladosporiaceae,Cladosporium,Cladosporium_sphaerospermum
6e45e6b7ac3c1f1ea2009e12c1ef54dc,Fungi,Basidiomycota,Malasseziomycetes,Malasseziales,Malasseziaceae,Malassezia,Malassezia_globosa
6f16d5a69ae63496cf1079e968f58dcb,Fungi,Ascomycota,Dothideomycetes,Capnodiales,Cladosporiaceae,Cladosporium,Cladosporium_halotolerans
6f284c22607032e352ca012d39fcfc73,Fungi,Ascomycota,Dothideomycetes,Capnodiales,Cladosporiaceae,Cladosporium,
6f724e0297a1d5eeaa099074113e6709,Fungi,Ascomycota,Dothideomycetes,Capnodiales,Mycosphaerellaceae,Cercospora,
6fb40300716a133f86c87b22a6f653ce,Fungi,Ascomycota,Sordariomycetes,Hypocreales,Nectriaceae,Fusarium,Fusarium_concentricum
701448b81c7edc3e82ac4ae8a140de1e,Fungi,Ascomycota,Dothideomycetes,Pleosporales,Didymosphaeriaceae,,
70a3282d7416d4024c5a21fef1492f91,Fungi,Ascomycota,Sordariomycetes,Hypocreales,Nectriaceae,Fusarium,Fusarium_concentricum
70eb48115ac1786e2f657639d67a17cb,Fungi,Basidiomycota,Agaricomycetes,Russulales,Peniophoraceae,,
71cb10d22fef1c6be9d1b85e59adc7b3,Fungi,Ascomycota,Dothideomycetes,Pleosporales,Pleosporaceae,Alternaria,
7373037d79b1fc479f20ba3bd1606a19,Fungi,Ascomycota,Leotiomycetes,Helotiales,Dermateaceae,Naevala,unidentified
73a6b53a971f07741819f9c0255bfe88,Fungi,Ascomycota,Pezizomycetes,Pezizales,Pezizaceae,Peziza,
73e1049c985f72f7e5e4cda8d9f65a78,Fungi,Basidiomycota,Ustilaginomycetes,Ustilaginales,Ustilaginaceae,Moesziomyces,Moesziomyces_parantarcticus
751e415abd8bbbc2e1cee2fdba4f87e8,Fungi,Ascomycota,Eurotiomycetes,Eurotiales,Aspergillaceae,Aspergillus,
7568a3801e7fa59c974e09144802d744,Fungi,Ascomycota,Dothideomycetes,Capnodiales,Cladosporiaceae,Cladosporium,
7584300b1a8a19b83c885e203bde82b7,Fungi,Basidiomycota,Malasseziomycetes,Malasseziales,Malasseziaceae,Malassezia,Malassezia_globosa
758ed520a49589d91d5b3246e7b4e56d,Fungi,Ascomycota,Dothideomycetes,Capnodiales,Cladosporiaceae,Cladosporium,
75a3a4019f7729280ca8a5a1d7a49ce2,Fungi,Ascomycota,Dothideomycetes,Capnodiales,Mycosphaerellaceae,Cercospora,
75debe96ba7a2001f207934f2b90cf3f,Fungi,Ascomycota,Dothideomycetes,Capnodiales,Cladosporiaceae,Cladosporium,
76b064a5f44b7b0248111fe5b4bf2251,Fungi,Ascomycota,Dothideomycetes,Capnodiales,Cladosporiaceae,Cladosporium,Cladosporium_halotolerans
76b09c13162b2fc466cbe90cdc260e79,Fungi,Ascomycota,Dothideomycetes,Capnodiales,Cladosporiaceae,Cladosporium,Cladosporium_halotolerans
76bcd2b5286ea5b0993201e8196722b4,Fungi,Ascomycota,Dothideomycetes,Pleosporales,Pleosporaceae,Alternaria,Alternaria_armoraciae
76f6265d97edccdcc05760679f83d309,Fungi,Ascomycota,Dothideomycetes,Capnodiales,,,
7702bb19cc75d825cebfd9bf1479170d,Fungi,Ascomycota,Dothideomycetes,,,,
77b5a1500184d0ba1eac3e22f9742cab,Fungi,Ascomycota,Dothideomycetes,Capnodiales,Mycosphaerellaceae,Cercospora,
77bb3326fd461a13e214b565c1d0c07c,Fungi,Basidiomycota,Exobasidiomycetes,Entylomatales,Entylomataceae,Entyloma,Entyloma_calendulae
77e2d29e20e38ea5204389fddb896a57,Fungi,Ascomycota,Dothideomycetes,Pleosporales,,,
78a6ca44ce04b0329f5ce18ea1ec2fe6,Fungi,Ascomycota,Eurotiomycetes,Eurotiales,Aspergillaceae,Aspergillus,
795bdcff2f3361eeba59ccd331e79888,Fungi,Ascomycota,Sordariomycetes,Hypocreales,Nectriaceae,Fusarium,Fusarium_concentricum
79656ae509a15d6dd238bd27451e8f50,Fungi,Ascomycota,Sordariomycetes,Hypocreales,Nectriaceae,Fusarium,Fusarium_concentricum
79afe752862128f22c68064edcda5b52,Fungi,Ascomycota,Dothideomycetes,Pleosporales,Pleosporaceae,Alternaria,
7af19ad3ef3f6460ccceaee34113a975,Fungi,Ascomycota,Dothideomycetes,Capnodiales,Cladosporiaceae,Cladosporium,Cladosporium_halotolerans
7c1112209d407407d029bdb04d3d34a7,Fungi,Basidiomycota,Agaricomycetes,Cantharellales,Ceratobasidiaceae,,
7d0fabfc403a4bea0eb332736a9d4161,Fungi,Ascomycota,Dothideomycetes,Capnodiales,Cladosporiaceae,Cladosporium,Cladosporium_sphaerospermum
7d35b535eca0db7d6f377bc6ab1af0df,Fungi,Ascomycota,Dothideomycetes,Capnodiales,Cladosporiaceae,Cladosporium,
7d622376c23883cf129c6c537d7f7335,Fungi,Ascomycota,Eurotiomycetes,Eurotiales,Aspergillaceae,Aspergillus,Aspergillus_nishimurae
7e3006ec5d93c0c2e378cc983cdee9ea,Fungi,Ascomycota,Dothideomycetes,Capnodiales,Cladosporiaceae,Cladosporium,Cladosporium_sphaerospermum
7e6d8d6682202b603ffc72ec3ae722be,Fungi,Basidiomycota,Malasseziomycetes,Malasseziales,Malasseziaceae,Malassezia,Malassezia_sympodialis
7e936da9eb9ad6cb6b671575b2f9c9b0,Fungi,Basidiomycota,Agaricomycetes,Cantharellales,Botryobasidiaceae,Botryobasidium,Botryobasidium_subcoronatum
7ff78baa8ae52720c80cd6dae22bed89,Fungi,Ascomycota,Sordariomycetes,Hypocreales,Nectriaceae,Fusarium,Fusarium_concentricum
80ca2e234170d5b840ef09c85ab14ff0,Fungi,Basidiomycota,Agaricomycetes,Polyporales,Fomitopsidaceae,Dacryobolus,Dacryobolus_sudans
81b951a8dc31dcac75321b78e5b99546,Fungi,Ascomycota,Dothideomycetes,Pleosporales,Didymosphaeriaceae,Pseudopithomyces,Pseudopithomyces_karoo
822f8c451e77c360e5d240ca75c32d39,Fungi,Ascomycota,Sordariomycetes,Hypocreales,Nectriaceae,Fusarium,Fusarium_concentricum
8264ee60ae5757a686b0f3a5ba35d12a,Fungi,,,,,,
82cebea80f79f2b8bef990e8e0364ccb,Fungi,Ascomycota,Sordariomycetes,Hypocreales,Nectriaceae,Fusarium,Fusarium_concentricum
82ddb8e961ae44ba0bc8e2272936488a,Fungi,Ascomycota,Dothideomycetes,Capnodiales,Mycosphaerellaceae,Cercospora,
83c6a240a4d06249b02f131af2fc74d3,Fungi,Basidiomycota,Agaricomycetes,Polyporales,Meruliaceae,Phlebia,Phlebia_bresadolae
83cd86c555e3236f4526302ae8315194,Fungi,Ascomycota,Sordariomycetes,Hypocreales,Nectriaceae,Fusarium,Fusarium_concentricum
8464d8346a7acee9a43071262aaa65e4,Fungi,Ascomycota,Dothideomycetes,Capnodiales,Cladosporiaceae,Cladosporium,Cladosporium_halotolerans
848614b36681786749d5f2890b52f859,Fungi,Ascomycota,Dothideomycetes,Capnodiales,Mycosphaerellaceae,Cercospora,
84be965cd5ea3d18f867041d57eaa2a2,Fungi,Ascomycota,Dothideomycetes,Capnodiales,Mycosphaerellaceae,Cercospora,
84d5b5693a1beca172b0e87d1292e522,Fungi,Basidiomycota,Agaricomycetes,Polyporales,Meruliaceae,Scopuloides,Scopuloides_hydnoides
84fa702f784d4c650134cd690ec0efea,Fungi,Ascomycota,Dothideomycetes,Capnodiales,Mycosphaerellaceae,Cercospora,
85215981210d17cc7489d1f2e785f6b6,Fungi,Ascomycota,Dothideomycetes,,,,
85ad79383b1082b2ddaf8b707c8a968e,Fungi,Ascomycota,Dothideomycetes,Capnodiales,Cladosporiaceae,Cladosporium,
85be0e826e6bb7dd5e219f9e949bf5c3,Fungi,Ascomycota,Dothideomycetes,Capnodiales,,,
85fd2a8a4982b42b1acb4d61522f0b35,Fungi,Ascomycota,Eurotiomycetes,,,,
86a1107c42f9968af0a633650b0ccb4a,Fungi,Basidiomycota,Agaricomycetes,Cantharellales,Ceratobasidiaceae,,
88adcb83b16d6c31d6de2a2a2eb40220,Fungi,Basidiomycota,Agaricomycetes,Hymenochaetales,Schizoporaceae,Schizopora,Schizopora_paradoxa
88e1c1f6ce6ccae8486a06fde5e11be8,Fungi,Ascomycota,Dothideomycetes,Capnodiales,Cladosporiaceae,Cladosporium,Cladosporium_halotolerans
89929d55ac1da20e84edddff4dea3c88,Fungi,Ascomycota,Dothideomycetes,Capnodiales,Cladosporiaceae,Toxicocladosporium,Toxicocladosporium_rubrigenum
8a0820da4226900eb3491bd3be6382a8,Fungi,Basidiomycota,Tremellomycetes,Cystofilobasidiales,Mrakiaceae,Itersonilia,Itersonilia_pannonica
8a1befbb5595621f9e935cf330684630,Fungi,Ascomycota,Sordariomycetes,Hypocreales,Nectriaceae,Fusarium,Fusarium_concentricum
8a3275b8f09743b9afdfab1c7619c005,Fungi,Ascomycota,Dothideomycetes,Pleosporales,Didymosphaeriaceae,,
8aab86ddc8d1399a77205e2383b4f3ff,Fungi,Ascomycota,Sordariomycetes,Xylariales,,,
8adfc6e20d359c5482a911fd7dabeb38,Fungi,Ascomycota,Sordariomycetes,Hypocreales,Nectriaceae,Fusarium,Fusarium_concentricum
8af64c086be9f0eb987ea06fc8d02bd4,Fungi,Ascomycota,Lecanoromycetes,Candelariales,Candelariaceae,Candelariella,Candelariella_aurella
8b31ec7aba9a523eaa3c98af4db7e1d1,Fungi,Ascomycota,Dothideomycetes,Capnodiales,Mycosphaerellaceae,Cercospora,
8b74b1814927057489fea826b7dfaf52,Fungi,,,,,,
8c7f8711c76333dbe92a78c598b41175,Fungi,Basidiomycota,Ustilaginomycetes,Ustilaginales,Ustilaginaceae,Moesziomyces,Moesziomyces_rugulosus
8c9e4b07942dc50e539f64cee32ed7cd,Fungi,Ascomycota,Sordariomycetes,Hypocreales,Nectriaceae,Fusarium,Fusarium_concentricum
8df758fc0445c48242eb1e9e61aa9465,Fungi,Basidiomycota,Wallemiomycetes,Wallemiales,Wallemiaceae,Wallemia,Wallemia_hederae
8f897996c0e80f0ad7baf41a58bd66c7,Fungi,Ascomycota,Sordariomycetes,Hypocreales,Nectriaceae,Fusarium,Fusarium_concentricum
8f9e006eb6c532336b6aa6d40210d7a3,Fungi,Ascomycota,Dothideomycetes,Capnodiales,Cladosporiaceae,Cladosporium,Cladosporium_halotolerans
8ff8a255015acebd94e8a56311168b03,Fungi,Basidiomycota,Agaricomycetes,Polyporales,Fomitopsidaceae,Fomitopsis,Fomitopsis_pinicola
903ee5a44169abc84a4855db709379be,Fungi,Ascomycota,Dothideomycetes,Pleosporales,Didymosphaeriaceae,,
90527ac0d8bc0c046ad8f3b11afa076b,Fungi,Ascomycota,Dothideomycetes,Capnodiales,Cladosporiaceae,Cladosporium,
91ca51f342c87ec49b5ed5c17d96e06c,Fungi,Ascomycota,Dothideomycetes,Pleosporales,Pleosporaceae,Alternaria,
91f691e75e5a190b55e4bcfb12c451ec,Fungi,Ascomycota,Dothideomycetes,Pleosporales,Pleosporaceae,Alternaria,
923668927f20787be6dc1149a4909c3a,Fungi,Basidiomycota,Agaricomycetes,Hymenochaetales,Schizoporaceae,Hyphodontia,Hyphodontia_pallidula
93909fb9c12faa710347d1d0120ab3dc,Fungi,Ascomycota,Dothideomycetes,Capnodiales,Cladosporiaceae,Cladosporium,Cladosporium_halotolerans
9393d09d644f119e7213b2cfb85356f8,Fungi,Ascomycota,Dothideomycetes,Capnodiales,Cladosporiaceae,Cladosporium,
93a6c373f18ce7519670d658989edd62,Fungi,Ascomycota,Dothideomycetes,Capnodiales,Cladosporiaceae,Cladosporium,Cladosporium_sphaerospermum
949180357ebc4eec623d3e4698b659f3,Fungi,Ascomycota,Dothideomycetes,Capnodiales,Cladosporiaceae,Cladosporium,
94958f8b99195ad9276e14f16f627a37,Fungi,Ascomycota,Eurotiomycetes,Eurotiales,Aspergillaceae,Penicillium,
95308f31ffc80bacbd4119da4a3f4ad5,Fungi,Basidiomycota,Malasseziomycetes,Malasseziales,Malasseziaceae,Malassezia,Malassezia_globosa
95645c403c0b18b73f3435f3f6239fb1,Fungi,Ascomycota,Sordariomycetes,Hypocreales,Nectriaceae,Fusarium,Fusarium_concentricum
957a586ee3283f923105999248d17e79,Fungi,Ascomycota,Dothideomycetes,,,,
958a380b2d941ed52ff5c4777d827e0e,Fungi,Basidiomycota,,,,,
963009b4b9ef0279eb625dc706ee4bc8,Fungi,Ascomycota,Dothideomycetes,Pleosporales,Didymellaceae,Neoascochyta,Neoascochyta_exitialis
9693056e8bc2782e36a6788ee94d9dd8,Fungi,Ascomycota,Dothideomycetes,Pleosporales,Didymosphaeriaceae,,
9754ffa1e3673e9195f8290ffa58b76c,Fungi,Ascomycota,Dothideomycetes,Pleosporales,Pleosporaceae,Alternaria,
97a2335a3e350d51d6315d63762b5dff,Fungi,Ascomycota,Dothideomycetes,Pleosporales,,,
981150671e96b3b0e886b102d9956725,Fungi,Ascomycota,Sordariomycetes,Hypocreales,Nectriaceae,Fusarium,Fusarium_concentricum
9867dd2b9aa304a02643791dffe5f6cb,Fungi,Basidiomycota,Agaricomycetes,Polyporales,Hyphodermataceae,Hyphoderma,Hyphoderma_setigerum
98ad87efc92dfe61cb1cd5ee3678ac7d,Fungi,Ascomycota,Dothideomycetes,Pleosporales,Didymosphaeriaceae,,
98d6c01a7b5a475c87feb21808bb5536,Fungi,Basidiomycota,Agaricomycetes,Polyporales,Steccherinaceae,Junghuhnia,Junghuhnia_nitida
99a2b45e3289a29a46d016afa3da2bd8,Fungi,Ascomycota,Dothideomycetes,Capnodiales,Cladosporiaceae,Cladosporium,
9a4a0dc8c8b34820c94b55740018be45,Fungi,Basidiomycota,Tremellomycetes,Cystofilobasidiales,Mrakiaceae,Itersonilia,Itersonilia_pannonica
9a51f1ad89d1569e11bf5856027bd7ca,Fungi,Ascomycota,Dothideomycetes,Capnodiales,Cladosporiaceae,Cladosporium,
9ac3281f6466ef4c3da472d107b16227,Fungi,Ascomycota,Sordariomycetes,Xylariales,,,
9c151ce6ffb62f541c90b33792c66fe9,Fungi,Basidiomycota,Agaricomycetes,Agaricales,Tricholomataceae,Mycena,Mycena_acicula
9c50c38d13271019bf367c42a09cf762,Fungi,Ascomycota,Leotiomycetes,Helotiales,Sclerotiniaceae,,
9cda370c2c89c2e6cfa85c23c8feec07,Fungi,Ascomycota,Sordariomycetes,Hypocreales,Nectriaceae,Fusarium,Fusarium_concentricum
9cf7011ea70c6cbc61ca6991f016bc5c,Fungi,Ascomycota,Dothideomycetes,Capnodiales,Cladosporiaceae,Cladosporium,
9d698d44ba2b44a9cb4fac4967448392,Fungi,Ascomycota,Dothideomycetes,Capnodiales,,,
9de68eab87e9d971a87abf0e8c0a1b79,Fungi,Basidiomycota,Agaricomycetes,Hymenochaetales,Hymenochaetales_fam_Incertae_sedis,Resinicium,Resinicium_bicolor
9e37303769f023fa713d8c377de34df8,Fungi,Ascomycota,Dothideomycetes,Pleosporales,Didymellaceae,Neoascochyta,Neoascochyta_exitialis
9f568fdabda1aaba762bd13254eace6d,Fungi,Ascomycota,Dothideomycetes,Capnodiales,Cladosporiaceae,Cladosporium,Cladosporium_sphaerospermum
a0aeb4236cfc8f5d61bf89a3e74898dd,Fungi,Basidiomycota,Wallemiomycetes,Wallemiales,Wallemiaceae,Wallemia,Wallemia_hederae
a23b5a389bced1b97ce4617c293956ab,Fungi,Ascomycota,Dothideomycetes,Pleosporales,Didymosphaeriaceae,,
a2aaa28f91a02cc20ec8fe4ebbfb53cc,Fungi,Ascomycota,Sordariomycetes,Hypocreales,Nectriaceae,Fusarium,Fusarium_concentricum
a2c0311ec22e47b303e8562c5ecb8ca2,Fungi,Basidiomycota,Agaricomycetes,Polyporales,Fomitopsidaceae,Amyloporia,Amyloporia_sinuosa
a33670dfd43c650eba94a44930177bb2,Fungi,Basidiomycota,Agaricomycetes,Agaricales,,,
a41185b251ec80e7cbe3847c7b233031,Fungi,Ascomycota,Dothideomycetes,,,,
a52c7fd889bafba46dda66143a147a4d,Fungi,Ascomycota,Dothideomycetes,Pleosporales,,,
a5b5f7c0e8e77819cf9eaad73db9af16,Fungi,Ascomycota,Dothideomycetes,Pleosporales,Pleosporaceae,Alternaria,
a5fb7309920e96ba69c9b54205653327,Fungi,Ascomycota,Eurotiomycetes,Eurotiales,Aspergillaceae,Aspergillus,
a62e061a1a5baaaf2f053454600c6792,Fungi,Basidiomycota,Agaricomycetes,Agaricales,Omphalotaceae,Gymnopus,Gymnopus_dryophilus
a6f5bb3c8e26e21ef1ed02cb3830e3f8,Fungi,Ascomycota,Sordariomycetes,Hypocreales,Nectriaceae,Fusarium,Fusarium_concentricum
a83f6d418c4cddd9b4ea18199ba0e11c,Fungi,Ascomycota,Dothideomycetes,Capnodiales,Mycosphaerellaceae,Cercospora,
a93c6327eb85a81746e4026cb98f5971,Fungi,Ascomycota,Taphrinomycetes,Taphrinales,Taphrinaceae,Taphrina,Taphrina_sadebeckii
a940cbdddd061f443dd8f646579ae39c,Fungi,Ascomycota,Dothideomycetes,Capnodiales,Cladosporiaceae,Cladosporium,
aa078d0f9c12428ee8834c245dc80b00,Fungi,Ascomycota,Dothideomycetes,Capnodiales,Cladosporiaceae,Cladosporium,Cladosporium_sphaerospermum
abce36e450a22547a06bc18cb68ea794,Fungi,Ascomycota,Dothideomycetes,Capnodiales,Cladosporiaceae,Cladosporium,
abee42f88325e74eebe1f610ef3d2f51,Fungi,Ascomycota,Leotiomycetes,Helotiales,Sclerotiniaceae,,
ac3b9b1f2cc3387fcb233cba414e0238,Fungi,Ascomycota,Dothideomycetes,,,,
ad1c9c0b6863ac982793af568a421c86,Fungi,Basidiomycota,Agaricomycetes,Agaricales,,,
ad444c1ecb8e9f423df2e8f8f6cc112d,Fungi,Basidiomycota,Agaricomycetes,Agaricales,Omphalotaceae,Gymnopus,Gymnopus_perforans
add80d7cd8bf9acd2ba2dff08e621549,Fungi,Ascomycota,Dothideomycetes,Capnodiales,Mycosphaerellaceae,Cercospora,
adf2a73a69f0dcef0fd04ad683cd2c73,Fungi,Basidiomycota,Ustilaginomycetes,Ustilaginales,Ustilaginaceae,Moesziomyces,Moesziomyces_aphidis
ae2d951192f708275ddcdf87e0206b29,Fungi,Basidiomycota,Tremellomycetes,Filobasidiales,Filobasidiaceae,Naganishia,
afc948452f640f5f6c822a1a96f7c7a3,Fungi,Ascomycota,Dothideomycetes,Capnodiales,Cladosporiaceae,Cladosporium,Cladosporium_halotolerans
afd00ce1811536d41fd5aa58cc0b8981,Fungi,Ascomycota,Eurotiomycetes,Eurotiales,Aspergillaceae,Penicillium,
b01f773ea716790ba87bfcaa4b034125,Fungi,Basidiomycota,Agaricomycetes,unidentified,unidentified,unidentified,unidentified
b08b48345933ebd808dd1640da884105,Fungi,Ascomycota,Dothideomycetes,Capnodiales,Cladosporiaceae,Cladosporium,Cladosporium_halotolerans
b13ddffcf31d37fd95595167b2a38b7a,Fungi,Ascomycota,Sordariomycetes,Hypocreales,Nectriaceae,Fusarium,Fusarium_concentricum
b143f6ba354f03e0b3e1baebe13cf4de,Fungi,Ascomycota,Dothideomycetes,Pleosporales,Didymellaceae,Neoascochyta,Neoascochyta_graminicola
b18e1a67b163110109979c37c91fd448,Fungi,Ascomycota,Dothideomycetes,Capnodiales,Cladosporiaceae,Cladosporium,Cladosporium_halotolerans
b25625573a0e5d6780e05c7f570c9112,Fungi,Ascomycota,Dothideomycetes,Capnodiales,Mycosphaerellaceae,Cercospora,
b29537fb02bd0deaff78436900dd2ade,Fungi,Basidiomycota,Agaricomycetes,Hymenochaetales,Schizoporaceae,Hyphodontia,Hyphodontia_pallidula
b35c2c55a48daa6ced3eae32ddb31899,Fungi,Ascomycota,Dothideomycetes,Capnodiales,Cladosporiaceae,Cladosporium,
b3a80e91cf4951b9b277cf4d17a9d1a4,Fungi,Ascomycota,Dothideomycetes,Capnodiales,Mycosphaerellaceae,Cercospora,
b3b1622be7961aa09354e04c7e9e83c1,Fungi,Ascomycota,Dothideomycetes,Capnodiales,Cladosporiaceae,Cladosporium,
b416ac8fc5a23f9b0625925928e02d66,Fungi,Ascomycota,Dothideomycetes,Capnodiales,Cladosporiaceae,Cladosporium,Cladosporium_halotolerans
b48020794495c33c194086847cef96ef,Fungi,Ascomycota,Eurotiomycetes,Chaetothyriales,unidentified,unidentified,unidentified
b4804944a69ba8a715a6ead89aac7dc5,Fungi,Ascomycota,Sordariomycetes,Xylariales,,,
b4a9b33a2997c54c64bfc52da53f7a1a,Fungi,Ascomycota,,,,,
b4ab83ac992840f86312110e15c67a33,Fungi,Basidiomycota,Agaricomycetes,Hymenochaetales,Hymenochaetales_fam_Incertae_sedis,Resinicium,Resinicium_bicolor
b5782058739f843e614ea1fdc542e5bd,Fungi,Ascomycota,Dothideomycetes,Pleosporales,Pleosporaceae,Alternaria,
b62b76c9d51a6c5da3057684a79610f7,Fungi,Basidiomycota,Agaricomycetes,Cantharellales,Cantharellales_fam_Incertae_sedis,Sistotrema,Sistotrema_oblongisporum
b6310710a53f56375bf2f8f42423d381,Fungi,Basidiomycota,Malasseziomycetes,Malasseziales,Malasseziaceae,Malassezia,Malassezia_globosa
b68d2c026a5f691a75c91295bc5621fb,Fungi,Ascomycota,Sordariomycetes,Hypocreales,Nectriaceae,Fusarium,Fusarium_concentricum
b6ea2a4f0634696f000358b6b23815d4,Fungi,Ascomycota,Dothideomycetes,Capnodiales,Cladosporiaceae,Cladosporium,
b6f5920762e3d70c81dd727159663ae1,Fungi,,,,,,
b740209e0ef5ea97e2454474471609ee,Fungi,Basidiomycota,Agaricomycetes,Agaricales,Tricholomataceae,Mycena,Mycena_sanguinolenta
b758d617448f59eff6097851ff103140,Fungi,Ascomycota,Dothideomycetes,Capnodiales,Cladosporiaceae,Cladosporium,
b77f6e78a2abb8db8162e436ff66e297,Fungi,Ascomycota,Sordariomycetes,Hypocreales,Nectriaceae,Fusarium,Fusarium_concentricum
b8e24613afdf66629bd85df8fbe505c5,Fungi,Basidiomycota,Malasseziomycetes,Malasseziales,Malasseziaceae,Malassezia,Malassezia_restricta
b8e9fd999b9111aa00a5ad33525ce662,Fungi,Ascomycota,Sordariomycetes,Hypocreales,Nectriaceae,Fusarium,Fusarium_concentricum
b8f633793825a1279136e967cf761580,Fungi,Ascomycota,Dothideomycetes,Pleosporales,Didymellaceae,Neoascochyta,Neoascochyta_exitialis
b99d0ed65e0c373467b15a0a7065a878,Fungi,Ascomycota,Sordariomycetes,Hypocreales,Nectriaceae,Fusarium,Fusarium_concentricum
ba0524b951d31ca02e7131575e7040d4,Fungi,Ascomycota,Leotiomycetes,Rhytismatales,Rhytismataceae,Colpoma,Colpoma_quercinum
ba2ec297c9c03f94f5a23cefdafdd099,Fungi,Ascomycota,Dothideomycetes,Capnodiales,Cladosporiaceae,Cladosporium,
ba67456878cdf75532b1c8d0ee33cb0b,Fungi,Ascomycota,Sordariomycetes,Hypocreales,Nectriaceae,Fusarium,Fusarium_concentricum
ba88a3c0e039c15c642053f07c457fe2,Fungi,Ascomycota,Dothideomycetes,Capnodiales,Cladosporiaceae,Cladosporium,Cladosporium_halotolerans
bb34725eaaaa633b8c635ea30f7629ca,Fungi,Basidiomycota,Malasseziomycetes,Malasseziales,Malasseziaceae,Malassezia,Malassezia_restricta
bb6fccc5208aba5991808b0dc31d6e27,Fungi,Ascomycota,Dothideomycetes,,,,
bb9094d562b80c8da5b09dd18f182b1f,Fungi,Ascomycota,Dothideomycetes,Capnodiales,Mycosphaerellaceae,Cercospora,
bbb4635b8e9edbf09258eb1ea55e9f2d,Fungi,Ascomycota,Dothideomycetes,Pleosporales,,,
bbe97a4cfd7d467660074b5b5b38a8b1,Fungi,Ascomycota,Dothideomycetes,Capnodiales,Cladosporiaceae,Cladosporium,
bc1b097410ccdbc21f5ae3f6a1190597,Fungi,Ascomycota,Dothideomycetes,Capnodiales,Cladosporiaceae,Cladosporium,Cladosporium_halotolerans
bc210bf20437bcaa98a38af3ba6488b5,Fungi,Ascomycota,Dothideomycetes,Pleosporales,Didymellaceae,Neoascochyta,Neoascochyta_exitialis
bd2c0de668a8c8c9a871960f9faf5c6a,Fungi,Ascomycota,Dothideomycetes,Capnodiales,Cladosporiaceae,Cladosporium,Cladosporium_halotolerans
bd9053ff7e1871d8927337214b94e073,Fungi,Basidiomycota,Agaricomycetes,Hymenochaetales,Hymenochaetales_fam_Incertae_sedis,Trichaptum,Trichaptum_fuscoviolaceum
bdbc25bfe81f00e49757c9d19d8c8044,Fungi,Basidiomycota,Agaricomycetes,Hymenochaetales,Schizoporaceae,Alutaceodontia,Alutaceodontia_alutacea
be6c3e433c3e9eee0583944c5265d9bc,Fungi,Ascomycota,Dothideomycetes,Capnodiales,Cladosporiaceae,Cladosporium,
bf3bff5a9ba5ea32afaefb8289884af2,Fungi,Basidiomycota,Agaricomycetes,Agaricales,Omphalotaceae,Gymnopus,Gymnopus_perforans
c01e4e9b82f99f133b4b6d476d617f21,Fungi,Basidiomycota,Wallemiomycetes,Wallemiales,Wallemiaceae,Wallemia,Wallemia_hederae
c024a7c996b9ed0f07e195b4860bba36,Fungi,Ascomycota,Dothideomycetes,Capnodiales,Cladosporiaceae,Cladosporium,
c0ba1a0b0e5cbf0a842667025307928d,Fungi,Ascomycota,Dothideomycetes,Pleosporales,Didymosphaeriaceae,,
c0e391a7c7d473212a35bb154dedc2e2,Fungi,Ascomycota,Dothideomycetes,Capnodiales,Cladosporiaceae,Cladosporium,
c2401d49ff7580d3db5bb68c361b506e,Fungi,Ascomycota,Saccharomycetes,Saccharomycetales,Saccharomycetales_fam_Incertae_sedis,Candida,Candida_tropicalis
c29cc6a3f3e381f6dca8a4ae7dac51f9,Fungi,Ascomycota,Dothideomycetes,Capnodiales,Cladosporiaceae,Cladosporium,
c3334f04fafbb9fffa396b7944c5dca6,Fungi,Basidiomycota,Agaricomycetes,Boletales,Boletaceae,Tylopilus,Tylopilus_felleus
c3365d501ed2cad3365927302978e7e5,Fungi,Ascomycota,Sordariomycetes,Hypocreales,Nectriaceae,Fusarium,Fusarium_concentricum
c33f8d32e775a8abefd2c25ed4d52205,Fungi,Basidiomycota,Agaricomycetes,Agaricales,Psathyrellaceae,Coprinellus,Coprinellus_micaceus
c347cbd9ec090d5a624b07bdd7250603,Fungi,Ascomycota,Dothideomycetes,Capnodiales,Cladosporiaceae,Cladosporium,Cladosporium_halotolerans
c35e1c8e622e389dddcdffb22e210941,Fungi,Ascomycota,Dothideomycetes,Pleosporales,,,
c39fda14d68866425735f224beb05a41,Fungi,Ascomycota,Dothideomycetes,Pleosporales,Pleosporaceae,Alternaria,
c3c79c24ddd71bdd2aa57c1514c9fcf9,Fungi,Ascomycota,Taphrinomycetes,Taphrinales,Taphrinaceae,Taphrina,Taphrina_sadebeckii
c456097b0b5b0a052a2d7c0f28a647bc,Fungi,Ascomycota,Sordariomycetes,Diaporthales,Diaporthaceae,Diaporthe,
c4f649c18f7da2fdb5c0e1c244e1528c,Fungi,Ascomycota,Dothideomycetes,Capnodiales,Cladosporiaceae,Cladosporium,
c501b252799dfb4c76c1736060881880,Fungi,,,,,,
c547932b385880ac7a5edc2ca7f6fb4d,Fungi,,,,,,
c54d9df09884aae4d24616c80cd0e4f5,Fungi,,,,,,
c58c43332ef804b220e29a31b82de650,Fungi,Ascomycota,Sordariomycetes,Hypocreales,Nectriaceae,Fusarium,Fusarium_concentricum
c600ff680679a48c574162134c2b8b7b,Fungi,Ascomycota,Dothideomycetes,Capnodiales,Cladosporiaceae,Cladosporium,Cladosporium_halotolerans
c66cee715d8a816287b7c5de85fe1bf7,Fungi,Basidiomycota,Tremellomycetes,Filobasidiales,Filobasidiaceae,Filobasidium,
c738ff55cb859e6f6ebffa62c49e191e,Fungi,Basidiomycota,Agaricomycetes,Russulales,Bondarzewiaceae,Heterobasidion,Heterobasidion_irregulare
c771391b3728b9604a4e318df45050dd,Fungi,Ascomycota,Dothideomycetes,Capnodiales,Cladosporiaceae,Cladosporium,
c7743795063afc1896e6cef5c5db1a39,Fungi,Ascomycota,Dothideomycetes,Capnodiales,,,
c8ec96cf55b0f314ba75929d0c2bcdd9,Fungi,Ascomycota,Dothideomycetes,Capnodiales,Cladosporiaceae,Cladosporium,Cladosporium_halotolerans
c955b783b1e8676de80b70989f066033,Fungi,Ascomycota,Dothideomycetes,,,,
c9e074246ebc2244d0c708f9c01cc72d,Fungi,Ascomycota,Eurotiomycetes,Chaetothyriales,Herpotrichiellaceae,unidentified,unidentified
ca287c1798675cd9b3ccdbd2f5a8675a,Fungi,Basidiomycota,Tremellomycetes,Filobasidiales,Filobasidiaceae,Filobasidium,
ca96cd2d960045c94d08f097e7d5e769,Fungi,Ascomycota,Dothideomycetes,Capnodiales,Cladosporiaceae,Cladosporium,Cladosporium_sphaerospermum
caefb9de6bbd12a1c3b4073a2df02e82,Fungi,Basidiomycota,Tremellomycetes,Tremellales,Bulleribasidiaceae,Vishniacozyma,Vishniacozyma_victoriae
cbcbebb2e9749cff0b2469925b5f1804,Fungi,Ascomycota,Dothideomycetes,Pleosporales,Pleosporaceae,Alternaria,
cc1a653febe267249df246b471aa9e23,Fungi,Ascomycota,Dothideomycetes,Capnodiales,Mycosphaerellaceae,Cercospora,
cc485f77582883932df215c86a998c2a,Fungi,Basidiomycota,Agaricomycetes,Polyporales,Fomitopsidaceae,Fomitopsis,Fomitopsis_pinicola
cd58a4bdefa5ec804846a3e447f66ace,Fungi,Ascomycota,Dothideomycetes,Capnodiales,Cladosporiaceae,Cladosporium,Cladosporium_sphaerospermum
ce01735d6c0f62cef97da73d89bc5a51,Fungi,Ascomycota,Dothideomycetes,Capnodiales,Cladosporiaceae,Cladosporium,Cladosporium_halotolerans
ce8c590d5166829478d1f4e6c31e19a7,Fungi,Ascomycota,Dothideomycetes,Capnodiales,Cladosporiaceae,Cladosporium,Cladosporium_halotolerans
cf3fd7b8c33ea9a850917c71543bc5d3,Fungi,Ascomycota,Sordariomycetes,Hypocreales,Hypocreales_fam_Incertae_sedis,Acremonium,Acremonium_fusidioides
cfffcaed103e4583173ea40f550f0d6d,Fungi,Ascomycota,Sordariomycetes,Hypocreales,Nectriaceae,Fusarium,Fusarium_concentricum
d0143a3beb2a89fbdd5afb9748d2d269,Fungi,Ascomycota,Dothideomycetes,,,,
d194837f00042189f40f581b355cd181,Fungi,Basidiomycota,Tremellomycetes,Tremellales,,,
d1ae33d9ac75674d7adf71ba2e05c9a3,Fungi,Basidiomycota,Ustilaginomycetes,Ustilaginales,Ustilaginaceae,Moesziomyces,Moesziomyces_aphidis
d1f1e7e17ba54278fa8b7007a411cf85,Fungi,Ascomycota,Dothideomycetes,Capnodiales,Cladosporiaceae,Cladosporium,
d26a4bd859697e2ad42ef945ecd55826,Fungi,Basidiomycota,Ustilaginomycetes,Ustilaginales,Ustilaginaceae,Moesziomyces,Moesziomyces_aphidis
d370cca0ae73597a64d88d1137904419,Fungi,Basidiomycota,Agaricomycetes,Hymenochaetales,Schizoporaceae,Alutaceodontia,Alutaceodontia_alutacea
d3a3ce9c4a7142a87e5f41c8bbbfb9d1,Fungi,Basidiomycota,Ustilaginomycetes,Ustilaginales,Ustilaginaceae,Pseudozyma,Pseudozyma_hubeiensis
d455d54680de9b4ada1c53c0da5b0be3,Fungi,Ascomycota,Dothideomycetes,Capnodiales,Mycosphaerellaceae,Cercospora,
d46aabfe71bb8fb1d4473b9578050494,Fungi,Ascomycota,Dothideomycetes,Capnodiales,Cladosporiaceae,Cladosporium,Cladosporium_halotolerans
d4b7b1471945ed71d3f2d7097f86852c,Fungi,Basidiomycota,Wallemiomycetes,Wallemiales,Wallemiaceae,Wallemia,Wallemia_hederae
d4b99324fc379bdb0feb5a877cb95538,Fungi,Basidiomycota,Ustilaginomycetes,Ustilaginales,Ustilaginaceae,Moesziomyces,Moesziomyces_parantarcticus
d4dbb4bb9b17d185e63ddd51e7b6a822,Fungi,Ascomycota,Dothideomycetes,Pleosporales,,,
d4e549f71a0790958428295f2be352dc,Fungi,Basidiomycota,Agaricomycetes,Cantharellales,Cantharellales_fam_Incertae_sedis,Sistotrema,Sistotrema_oblongisporum
d54f5eefec3da5eadc306300e92d7c53,Fungi,Ascomycota,Sordariomycetes,Hypocreales,Nectriaceae,Fusarium,Fusarium_concentricum
d58196c8455f37351fb3018540ae5841,Fungi,Ascomycota,,,,,
d5937b00f7a4bae974b82231d68b9feb,Fungi,Ascomycota,Sordariomycetes,Hypocreales,Nectriaceae,Fusarium,Fusarium_concentricum
d5ace3a729878df96eefcff7fb79a201,Fungi,Ascomycota,Sordariomycetes,Xylariales,,,
d6025386bd9e09ef23343f727f860b68,Fungi,Ascomycota,Dothideomycetes,Capnodiales,Cladosporiaceae,Cladosporium,Cladosporium_sphaerospermum
d62a1d9213c97a2adf08c9bcaccefd9c,Fungi,,,,,,
d64e29eeddd6a09814d074851a2009b2,Fungi,Basidiomycota,Malasseziomycetes,Malasseziales,Malasseziaceae,Malassezia,Malassezia_globosa
d655f403c06b10b5304de0f84c8eb314,Fungi,Ascomycota,Dothideomycetes,Pleosporales,Didymosphaeriaceae,,
d6b82c295f6ccb0ec83008445da1be3a,Fungi,Basidiomycota,Agaricomycetes,,,,
d6f8b3237acf5ad754d51c613216d7ec,Fungi,Ascomycota,Dothideomycetes,Pleosporales,Pleosporaceae,Alternaria,
d823617ed52eb966f27dbe8a860763a8,Fungi,Ascomycota,Dothideomycetes,Pleosporales,Pleosporaceae,Curvularia,
d88a5d6d02f6d5fde2bce69fd547b1f9,Fungi,Basidiomycota,Agaricomycetes,Auriculariales,Exidiaceae,Exidia,Exidia_glandulosa
d89c77528f064c6c1039eb17c5bef7de,Fungi,Ascomycota,Sordariomycetes,Hypocreales,Nectriaceae,Fusarium,Fusarium_concentricum
d9c1e964ccb6f1f7a9b845d6b021e3bf,Fungi,Ascomycota,Dothideomycetes,Capnodiales,Cladosporiaceae,Cladosporium,Cladosporium_halotolerans
d9dfe5f4f4af9b36b46395975c62025f,Fungi,Ascomycota,Sordariomycetes,Hypocreales,Nectriaceae,Fusarium,Fusarium_concentricum
d9f474086ba5057e9d55bf61190b470b,Fungi,Ascomycota,Dothideomycetes,Pleosporales,,,
da23b4e3a6fc0f8862bc5634a7e53773,Fungi,Basidiomycota,Agaricomycetes,Hymenochaetales,Schizoporaceae,,
daa2f53d9a3994a4f74b713cc40cbd11,Fungi,Ascomycota,Dothideomycetes,Pleosporales,Pleosporaceae,Alternaria,
db267cb43d23621384a63323bcbe2bb2,Fungi,Ascomycota,Dothideomycetes,Capnodiales,Cladosporiaceae,Cladosporium,
dcb061870bd3f9316f0d7bb02b1bf814,Fungi,Ascomycota,Dothideomycetes,Capnodiales,,,
dd279a1e76aeb9cf670b5f508249de06,Fungi,Basidiomycota,Agaricomycetes,Hymenochaetales,Hymenochaetales_fam_Incertae_sedis,Resinicium,Resinicium_bicolor
dd48550ea66be8f9d24607894163fcbe,Fungi,Ascomycota,Dothideomycetes,Capnodiales,Cladosporiaceae,Cladosporium,
de09d8932d2f7f74851d0ca11b72e037,Fungi,Ascomycota,Sordariomycetes,Hypocreales,Nectriaceae,Fusarium,Fusarium_concentricum
de1c3fbf60077853095f0d9391bcfa9c,Fungi,Ascomycota,Dothideomycetes,Capnodiales,Cladosporiaceae,Cladosporium,Cladosporium_halotolerans
de249045e2487145482003861ae52ad0,Fungi,Ascomycota,Dothideomycetes,,,,
de6cb5eb8d6fdbc8e94c039baf4c47fe,Fungi,Basidiomycota,Pucciniomycetes,Pucciniales,Pucciniastraceae,Thekopsora,Thekopsora_ostryae
de81532fa09871541d824f11fe7f716a,Fungi,Ascomycota,Dothideomycetes,Capnodiales,Cladosporiaceae,Cladosporium,Cladosporium_halotolerans
def1980e123d654e1c2aa3e5ccc21ba4,Fungi,Ascomycota,Sordariomycetes,Hypocreales,Nectriaceae,Fusarium,Fusarium_concentricum
df2d4bb3a515ce4c47594df95f1f1056,Fungi,Ascomycota,Dothideomycetes,Capnodiales,Mycosphaerellaceae,Cercospora,
df384e79fa8e129a02177e3a4be47aa8,Fungi,Basidiomycota,Agaricomycetes,Polyporales,Polyporaceae,Trametes,
df96b6447d8a41f660694b4ccc8dc03e,Fungi,Ascomycota,Sordariomycetes,Hypocreales,Nectriaceae,Fusarium,Fusarium_concentricum
e0e9aefb38ff63680a11e4bc58414c99,Fungi,Ascomycota,Sordariomycetes,Hypocreales,Nectriaceae,Fusarium,Fusarium_concentricum
e0f8b00455b9ee4ec3d4f10444ced2e8,Fungi,,,,,,
e11e785016deafd636512f7d15f9f105,Fungi,Ascomycota,Dothideomycetes,Capnodiales,Cladosporiaceae,Cladosporium,
e1bc4d8b7e80cc1f4e758a1d0719e897,Fungi,Ascomycota,Dothideomycetes,Capnodiales,,,
e2181bb377969f6cdb0c21edff7f386a,Fungi,Basidiomycota,Agaricomycetes,Cantharellales,Ceratobasidiaceae,,
e248bd82fa00c8f4c402d892b5504482,Fungi,Ascomycota,Dothideomycetes,Pleosporales,Pleosporaceae,Alternaria,
e2aba95a5e86103ab71227bb9a6a8081,Fungi,Ascomycota,Dothideomycetes,Pleosporales,Didymosphaeriaceae,,
e329b74aa2f80bd8926132e593a96224,Fungi,Basidiomycota,Ustilaginomycetes,Ustilaginales,Ustilaginaceae,Pseudozyma,Pseudozyma_hubeiensis
e377fb252c258f7b46601e32d6046ff4,Fungi,Basidiomycota,Agaricomycetes,Hymenochaetales,Schizoporaceae,Hyphodontia,Hyphodontia_pallidula
e389dae35ae8296059a2084f0e3b2b5b,Fungi,Ascomycota,Dothideomycetes,Pleosporales,Pleosporaceae,Curvularia,Curvularia_lunata
e54c0291abd5b6d8ae623038b6804814,Fungi,Basidiomycota,Ustilaginomycetes,Ustilaginales,Ustilaginaceae,Moesziomyces,
e586afdda1fed2a5944cdfb5afb49834,Fungi,Basidiomycota,Ustilaginomycetes,Ustilaginales,Ustilaginaceae,Moesziomyces,Moesziomyces_parantarcticus
e59e7a54996788babb7efa8423b33eab,Fungi,Ascomycota,Dothideomycetes,Pleosporales,Pleosporaceae,Alternaria,
e5ccb177a29c04555e8fb169a8ba29c2,Fungi,Ascomycota,Taphrinomycetes,Taphrinales,Taphrinaceae,Taphrina,Taphrina_sadebeckii
e60949d9100057fd39b12ce34fa769e6,Fungi,Basidiomycota,Tremellomycetes,Cystofilobasidiales,Mrakiaceae,Itersonilia,Itersonilia_perplexans
e6360fd0238f9c9e894924314c250771,Fungi,Ascomycota,Dothideomycetes,Capnodiales,Mycosphaerellaceae,Cercospora,
e64d498e234dc7de70467fff50c8fb8b,Fungi,,,,,,
e650d67cea42a003af4d360fd02dcf9c,Fungi,Ascomycota,Dothideomycetes,Capnodiales,Cladosporiaceae,Cladosporium,Cladosporium_sphaerospermum
e659a956bf20ea9367c97d9874039ffa,Fungi,Basidiomycota,Agaricomycetes,Agaricales,Tricholomataceae,Mycena,Mycena_sanguinolenta
e6763727c050cb54722410add3a0cd39,Fungi,Ascomycota,Dothideomycetes,Capnodiales,Mycosphaerellaceae,Cercospora,
e6e3a548872e03c824d8925e11a056ec,Fungi,Ascomycota,Dothideomycetes,Capnodiales,Cladosporiaceae,Cladosporium,
e722606cf2c51fc1365b71ecbea1440b,Fungi,Ascomycota,Dothideomycetes,Pleosporales,Pleosporaceae,Alternaria,
e79a712e67f55846ae37064dd45548b6,Fungi,Ascomycota,Dothideomycetes,Pleosporales,Pleosporaceae,Alternaria,
e7ade22c28f6a216b8c277a3949f417a,Fungi,Basidiomycota,Agaricostilbomycetes,Agaricostilbales,Kondoaceae,Kondoa,unidentified
e7c22d3c3360737f52da35fdd17c1ce6,Fungi,Ascomycota,Dothideomycetes,Pleosporales,Pleosporaceae,Curvularia,
e806b1e0edcd2a0e139a64670d4a6819,Fungi,Basidiomycota,Agaricomycetes,Hymenochaetales,Hymenochaetaceae,Phylloporia,Phylloporia_ribis
e814f946f4402f41df3ca2ea6fb8e8c8,Fungi,Ascomycota,Sordariomycetes,Hypocreales,Nectriaceae,Fusarium,Fusarium_concentricum
e836d65158e69da2b0abc15079618b15,Fungi,Ascomycota,Dothideomycetes,Capnodiales,Cladosporiaceae,Cladosporium,
e83b1ac8f05b364c520e4fb84133e2e9,Fungi,Ascomycota,Dothideomycetes,Capnodiales,Cladosporiaceae,Cladosporium,Cladosporium_halotolerans
e86abad7b496345f30d945c6d17eb263,Fungi,Basidiomycota,Tremellomycetes,Filobasidiales,Filobasidiaceae,Filobasidium,
e9022020e9bb1061258a3f6ab80e86aa,Fungi,Ascomycota,Leotiomycetes,Erysiphales,Erysiphaceae,Blumeria,Blumeria_graminis
e92ea79ba8880f532c1022124756a9ed,Fungi,Ascomycota,Sordariomycetes,Hypocreales,Nectriaceae,Fusarium,Fusarium_concentricum
e94b768fd263e008f9e2deb42821f01d,Fungi,Basidiomycota,Agaricomycetes,Auriculariales,Exidiaceae,Exidia,Exidia_glandulosa
e9825697ab84c888f9086032ae995fd7,Fungi,Ascomycota,Sordariomycetes,Hypocreales,Nectriaceae,Fusarium,Fusarium_concentricum
e999ed8516db31b272d63bd7d141c438,Fungi,Ascomycota,Dothideomycetes,Pleosporales,Pleosporaceae,Alternaria,
e9d37f5193282de2bfc0d23385053c3c,Fungi,Basidiomycota,Agaricomycetes,Cantharellales,Cantharellales_fam_Incertae_sedis,Sistotrema,Sistotrema_oblongisporum
e9efe9327d019c550918c46f54a5b399,Fungi,Ascomycota,Sordariomycetes,Hypocreales,Nectriaceae,Fusarium,Fusarium_concentricum
ea0a79a6d3ffc3e507ad26f7789b0aa2,Fungi,Ascomycota,Sordariomycetes,Hypocreales,Nectriaceae,Fusarium,Fusarium_concentricum
eafd7bef1c5f7a11a974b976ffaa0f9d,Fungi,Basidiomycota,Agaricomycetes,Polyporales,Fomitopsidaceae,Dacryobolus,Dacryobolus_sudans
eb0d49671c7126836f5579468db3b284,Fungi,Ascomycota,Dothideomycetes,Pleosporales,Didymosphaeriaceae,Pseudopithomyces,Pseudopithomyces_karoo
ebb09230c429bda39946784a550e61a9,Fungi,Basidiomycota,Agaricomycetes,Polyporales,Hyphodermataceae,Hyphoderma,Hyphoderma_setigerum
ec5dc3f05bebbd0a332b714095a49a4e,Fungi,Ascomycota,Dothideomycetes,Capnodiales,Cladosporiaceae,Cladosporium,
ec7e745fec62439ab53c50d16266c8de,Fungi,Ascomycota,Sordariomycetes,Hypocreales,Nectriaceae,Fusarium,Fusarium_concentricum
ed169e1c88e357ba9c2d11e4e0dc645e,Fungi,Ascomycota,Dothideomycetes,Capnodiales,Cladosporiaceae,Cladosporium,Cladosporium_sphaerospermum
edb96be83de24ad50f028423b8ccfaa6,Fungi,Ascomycota,Dothideomycetes,Capnodiales,,,
ee4d05d1e2ca1a9079972896cf7a346f,Fungi,Ascomycota,Sordariomycetes,Hypocreales,Nectriaceae,Fusarium,Fusarium_concentricum
ee6a3cdb478e0681cd31f321d6005818,Fungi,Ascomycota,Dothideomycetes,Capnodiales,Cladosporiaceae,Cladosporium,Cladosporium_halotolerans
eebcef4bf65448b561bd8ba17796bd48,Fungi,Ascomycota,Sordariomycetes,Hypocreales,Nectriaceae,Fusarium,Fusarium_concentricum
ef17c6a802f9bec26bd7afaa9598185d,Fungi,Ascomycota,Eurotiomycetes,Eurotiales,Aspergillaceae,Aspergillus,
ef2abaeb3772371b15c996e559623797,Fungi,Ascomycota,Dothideomycetes,Capnodiales,Cladosporiaceae,Cladosporium,Cladosporium_halotolerans
ef9164c1a194e1abdeb55cee868fc2ef,Fungi,Ascomycota,Sordariomycetes,Hypocreales,Nectriaceae,Fusarium,Fusarium_concentricum
efea983667c6fe5589b9e69bfe60e3dc,Fungi,Ascomycota,Dothideomycetes,Capnodiales,Cladosporiaceae,Cladosporium,
f10dd08257773248385cd733657d609d,Fungi,Ascomycota,Leotiomycetes,Helotiales,Hyaloscyphaceae,Brunnipila,Brunnipila_clandestina
f11a33d5cc58b3b9d725e5e4c6683935,Fungi,Ascomycota,Dothideomycetes,Capnodiales,Cladosporiaceae,Cladosporium,Cladosporium_sphaerospermum
f14be330668dadd56dc32f153d260ade,Fungi,Basidiomycota,Agaricomycetes,Agaricales,Pleurotaceae,Hohenbuehelia,Hohenbuehelia_fluxilis
f252fb8435b30d676d16339cbf339839,Fungi,Ascomycota,Dothideomycetes,Capnodiales,Cladosporiaceae,Cladosporium,
f275f610f443091da87738292dc3a9bd,Fungi,Ascomycota,Dothideomycetes,Capnodiales,Cladosporiaceae,Cladosporium,
f27d77b2c731caefeab47a386c5e03b0,Fungi,Ascomycota,Dothideomycetes,Capnodiales,Cladosporiaceae,Cladosporium,
f2c488ccf8a163eb600930c60541d45c,Fungi,Basidiomycota,Agaricomycetes,Polyporales,Steccherinaceae,Ceriporiopsis,Ceriporiopsis_mucida
f3c3177e05e3988ff2ec9ea4fe55bd55,Fungi,Ascomycota,Sordariomycetes,Hypocreales,Nectriaceae,Fusarium,Fusarium_concentricum
f3c785febc71c2762df0277ed1029376,Fungi,Ascomycota,Dothideomycetes,Capnodiales,Cladosporiaceae,Cladosporium,Cladosporium_halotolerans
f40d8cd2eb450f75e1ef48a892f4e411,Fungi,Ascomycota,Dothideomycetes,Pleosporales,Pleosporaceae,Alternaria,
f41bf5582b8f9485337333d59c34b11c,Fungi,Basidiomycota,Agaricomycetes,Agaricales,Omphalotaceae,Gymnopus,Gymnopus_perforans
f495012d306a802a37677d3920a4cf57,Fungi,Ascomycota,Dothideomycetes,Capnodiales,Cladosporiaceae,Cladosporium,
f4d39e8fa708d836635488b78c8e1733,Fungi,Ascomycota,Dothideomycetes,Pleosporales,Didymosphaeriaceae,,
f56f225527e60e68c0a6f0971aeedfd1,Fungi,Ascomycota,Dothideomycetes,Pleosporales,Pleosporaceae,Alternaria,
f58678d1e6521a4873cb6ba1917acbe8,Fungi,,,,,,
f592e41adc4be3de487670ccd8dd19b9,Fungi,Ascomycota,Sordariomycetes,Xylariales,,,
f5d8921fc17434737470a9722cc862a7,Fungi,,,,,,
f5e43429caf831bd03a514a36494fac5,Fungi,Ascomycota,Dothideomycetes,Pleosporales,Pleosporaceae,Curvularia,Curvularia_sorghina
f60421b300a202f42b1556fd0fa34148,Fungi,Ascomycota,Dothideomycetes,Capnodiales,Cladosporiaceae,Cladosporium,Cladosporium_sphaerospermum
f61120ad440fddaf90bcb52a4f8923a1,Fungi,Ascomycota,Dothideomycetes,Capnodiales,Cladosporiaceae,Cladosporium,Cladosporium_halotolerans
f62628eece45733b6a45410b9a4e6c83,Fungi,Ascomycota,Dothideomycetes,,,,
f6421c7d9e890148f046964f11049c17,Fungi,Ascomycota,Dothideomycetes,Capnodiales,Mycosphaerellaceae,Cercospora,
f6d36ec1de413e06f22efcc31c6765f3,Fungi,Basidiomycota,Malasseziomycetes,Malasseziales,Malasseziaceae,Malassezia,Malassezia_globosa
f6d805a18d650a8e4f97b7e51e5af075,Fungi,Ascomycota,Dothideomycetes,Pleosporales,Didymellaceae,Neoascochyta,Neoascochyta_exitialis
f6e2990c41159dc176e5820c5712f101,Fungi,Ascomycota,Dothideomycetes,Pleosporales,Pleosporaceae,Alternaria,
f7bf2555b722284cc5e4fee5f0e2e82b,Fungi,Ascomycota,Dothideomycetes,Capnodiales,Mycosphaerellaceae,Cercospora,
f7d137df263890a19996f536af4e89e1,Fungi,Basidiomycota,Agaricomycetes,Agaricales,Tricholomataceae,Merismodes,Merismodes_fasciculata
f84b469803e0c0320c492bb7a9310d27,Fungi,Ascomycota,Dothideomycetes,Capnodiales,Cladosporiaceae,Cladosporium,Cladosporium_sphaerospermum
f861296285295bed7eec4a4cfd219ca9,Fungi,Basidiomycota,Agaricomycetes,Polyporales,Phanerochaetaceae,Bjerkandera,Bjerkandera_adusta
f931d79531bfcdfb7ab69b351ae52dd2,Fungi,Ascomycota,Dothideomycetes,Capnodiales,,,
f958c14bd0da86bb5302bd434a19a5ca,Fungi,Basidiomycota,Microbotryomycetes,Sporidiobolales,Sporidiobolaceae,Sporobolomyces,Sporobolomyces_roseus
f9da6e04cc09a1f091c8ad809137f10d,Fungi,Ascomycota,Dothideomycetes,,,,
fa728f97d3b3717c9daafe7ac7d5e526,Fungi,Ascomycota,Dothideomycetes,Capnodiales,Mycosphaerellaceae,Cercospora,
fac49e30d755e2a40a9547c01a1f6d35,Fungi,Basidiomycota,Agaricomycetes,Polyporales,Meruliaceae,Phlebia,Phlebia_bresadolae
fc3341724ac299977dceee451e9665fd,Fungi,,,,,,
fd5d11530b9ae81d0b103a035ff46e80,Fungi,Ascomycota,Dothideomycetes,Pleosporales,Pleosporaceae,Alternaria,
fd9b9399d119fc781b824ccdb10d30da,Fungi,Ascomycota,Sordariomycetes,Diaporthales,Diaporthaceae,Diaporthe,Diaporthe_nothofagi
fded8a0bb74ab4a0c7b5fa08d5996242,Fungi,Basidiomycota,Agaricomycetes,Polyporales,Polyporaceae,Trametes,unidentified
fdf2524dbc251eb33cfd474333bf7cf2,Fungi,Ascomycota,Dothideomycetes,Capnodiales,Cladosporiaceae,Cladosporium,Cladosporium_sphaerospermum
fe2ce87ecc873165cde149b56ab93ddf,Fungi,Ascomycota,Dothideomycetes,Capnodiales,Cladosporiaceae,Cladosporium,
fe3ce8523fef1248e282da1353970b8d,Fungi,Ascomycota,Dothideomycetes,,,,
fe688be20e7e527fee9f3db1fe18cfe6,Fungi,Ascomycota,Dothideomycetes,Capnodiales,Cladosporiaceae,Cladosporium,Cladosporium_halotolerans
fecf441561688c5e58e6a8ef4e3beb93,Fungi,Ascomycota,Dothideomycetes,Pleosporales,Pleosporaceae,Alternaria,
feecb4daebf47789ac917aca45364d3c,Fungi,Ascomycota,Sordariomycetes,Hypocreales,Nectriaceae,Fusarium,Fusarium_concentricum
ff064fd0a2655e34aca627aa21f189b5,Fungi,Basidiomycota,Agaricomycetes,Auriculariales,Exidiaceae,Exidia,Exidia_glandulosa
ff64caedff8b5d3704e93751e19f8df2,Fungi,Ascomycota,Eurotiomycetes,Eurotiales,Trichocomaceae,Talaromyces,
ffc22c2e04a94a86baaca813a4689206,Fungi,Ascomycota,Sordariomycetes,Hypocreales,Nectriaceae,Fusarium,Fusarium_concentricum
